Workbook

Sheet Players
A1: Players
A2: Legend: yellow cells = type here. Source: Splash Sports contest export (Aug 25, 2026). 14 players had no first/last name on file in that export - fill those in manually. 'Method' isn't tracked by Splash - fill in manually if you want it.
A4: Player ID | B4: First Name | C4: Last Name | D4: Display Name | E4: Email | F4: Paid? | G4: Method
A6: 2 | B6: Amie | C6: Macdonald | D6: =IF(B6<>"",B6&" "&LEFT(C6,1)&".","") -> Amie M. | E6: amie5550@gmail.com | F6: Y
A7: 53 | B7: Andy | C7: Kempf | D7: =IF(B7<>"",B7&" "&LEFT(C7,1)&".","") -> Andy K. | E7: akempf2@gmail.com | F7: Y
A8: 61 | B8: Bryan | C8: Chauvin | D8: =IF(B8<>"",B8&" "&LEFT(C8,1)&".","") -> Bryan C. | E8: bchauvin73@gmail.com | F8: N
A9: 41 | B9: Bryan | C9: Mink | D9: =IF(B9<>"",B9&" "&LEFT(C9,1)&".","") -> Bryan M. | E9: mink1371@gmail.com | F9: Y
A10: 3 | B10: Charlie | C10: Fadoul | D10: =IF(B10<>"",B10&" "&LEFT(C10,1)&".","") -> Charlie F. | E10: cfadoul@yahoo.com | F10: Y
A11: 58 | B11: Chris | C11: Pearsall | D11: =IF(B11<>"",B11&" "&LEFT(C11,1)&".","") -> Chris P. | E11: christophermpearsall@yahoo.com | F11: N
A12: 4 | B12: Corey | C12: Howard | D12: =IF(B12<>"",B12&" "&LEFT(C12,1)&".","") -> Corey H. | E12: c.howard1865@gmail.com | F12: Y
A13: 57 | B13: Cori | C13: Padgett | D13: =IF(B13<>"",B13&" "&LEFT(C13,1)&".","") -> Cori P. | E13: Corirambow@gmail.com | F13: Y
A14: 6 | B14: Dan | C14: Bonner | D14: =IF(B14<>"",B14&" "&LEFT(C14,1)&".","") -> Dan B. | E14: danielkbonner@gmail.com | F14: Y
A15: 5 | B15: Dan | C15: Lundy | D15: =IF(B15<>"",B15&" "&LEFT(C15,1)&".","") -> Dan L. | E15: 4thdownu@gmail.com | F15: Y
A16: 8 | B16: Dave | C16: Hennington | D16: =IF(B16<>"",B16&" "&LEFT(C16,1)&".","") -> Dave H. | E16: dhennington1975@gmail.com | F16: Y
A17: 7 | B17: David | C17: Young | D17: =IF(B17<>"",B17&" "&LEFT(C17,1)&".","") -> David Y. | E17: dfy582@yahoo.com | F17: Y
... A34: 16 | B34: Josh | C34: Hamilton | D34: =IF(B34<>"",B34&" "&LEFT(C34,1)&".","") -> Josh H. | E34: joshahamilton@gmail.com | F34: Y
A35: 17 | B35: Justin | C35: Sark | D35: =IF(B35<>"",B35&" "&LEFT(C35,1)&".","") -> Justin S. | E35: justin.sark@yahoo.com | F35: Y | G35: Venmo 9/3
A36: 39 | B36: Kaley | C36: Pettenger | D36: =IF(B36<>"",B36&" "&LEFT(C36,1)&".","") -> Kaley P. | E36: klpettenger@aol.com | F36: Y
A37: 49 | B37: Kate | C37: Sark | D37: =IF(B37<>"",B37&" "&LEFT(C37,1)&".","") -> Kate S. | E37: katesark88@gmail.com | F37: Y
A38: 18 | B38: Ken | C38: Lewis | D38: =IF(B38<>"",B38&" "&LEFT(C38,1)&".","") -> Ken L. | E38: mrlouman3@hotmail.com | F38: Y
A39: 50 | B39: Kyle | C39: Wolfersteig | D39: =IF(B39<>"",B39&" "&LEFT(C39,1)&".","") -> Kyle W. | E39: kwolfersteig86@gmail.com | F39: Y
A40: 19 | B40: Lauren | C40: Crowe | D40: =IF(B40<>"",B40&" "&LEFT(C40,1)&".","") -> Lauren C. | E40: lfreed18@gmail.com | F40: Y
A41: 20 | B41: Lauren | C41: Picaut | D41: =IF(B41<>"",B41&" "&LEFT(C41,1)&".","") -> Lauren P. | E41: llandau3@yahoo.com | F41: Y
A42: 21 | B42: Lucas | C42: DeBella | D42: =IF(B42<>"",B42&" "&LEFT(C42,1)&".","") -> Lucas D. | E42: lucasdebella1@gmail.com | F42: Y
A43: 22 | B43: Lynn | C43: Pettenger | D43: =IF(B43<>"",B43&" "&LEFT(C43,1)&".","") -> Lynn P. | E43: kabrmom1214@aol.com | F43: Y
A44: 23 | B44: Martin | C44: Jackson | D44: =IF(B44<>"",B44&" "&LEFT(C44,1)&".","") -> Martin J. | E44: martingjackson@gmail.com | F44: Y
A45: 24 | B45: Matt | C45: Bosang | D45: =IF(B45<>"",B45&" "&LEFT(C45,1)&".","") -> Matt B. | E45: mbosang98@gmail.com | F45: Y
A46: 36 | B46: Matt | C46: Cabrera | D46: =IF(B46<>"",B46&" "&LEFT(C46,1)&".","") -> Matt C. | E46: cabbiem@hotmail.com | F46: Y
A47: 25 | B47: Max | C47: Rosier | D47: =IF(B47<>"",B47&" "&LEFT(C47,1)&".","") -> Max R. | E47: mrosier@imsa.com | F47: Y
... A55: 44 | B55: Richie | C55: Campanaro | D55: =IF(B55<>"",B55&" "&LEFT(C55,1)&".","") -> Richie C. | E55: puckstop62@aol.com | F55: Y
A56: 59 | B56: Roger | C56: Lawson | D56: =IF(B56<>"",B56&" "&LEFT(C56,1)&".","") -> Roger L. | E56: r.lawson234@yahoo.com | F56: Y | G56: Venmo 9/3
A57: 28 | B57: Ryan | C57: Cooper | D57: =IF(B57<>"",B57&" "&LEFT(C57,1)&".","") -> Ryan C. | E57: rcooper2308@yahoo.com | F57: Y
A58: 29 | B58: Ryan | C58: Tilev | D58: =IF(B58<>"",B58&" "&LEFT(C58,1)&".","") -> Ryan T. | E58: ryanstilev@gmail.com | F58: Y
A59: 51 | B59: Stephanie | C59: Campanaro | D59: =IF(B59<>"",B59&" "&LEFT(C59,1)&".","") -> Stephanie C. | E59: stephhass90@gmail.com | F59: Y | G59: PayPal (via Mike C.)
A60: 45 | B60: Taylor | C60: Mowid | D60: =IF(B60<>"",B60&" "&LEFT(C60,1)&".","") -> Taylor M. | E60: taylormowid@gmail.com | F60: Y
A61: 30 | B61: Tom | C61: Bryant | D61: =IF(B61<>"",B61&" "&LEFT(C61,1)&".","") -> Tom B. | E61: j.thomasbryant@yahoo.com | F61: Y
A62: 31 | B62: Tucker | C62: Maletta | D62: =IF(B62<>"",B62&" "&LEFT(C62,1)&".","") -> Tucker M. | E62: ktownbaseball21@gmail.com | F62: Y
A63: 32 | B63: Tye | C63: Edwards | D63: =IF(B63<>"",B63&" "&LEFT(C63,1)&".","") -> Tye E. | E63: tye.edwards@dmedelivers.com | F63: Y
A64: 46 | B64: Tyler | C64: Asher | D64: =IF(B64<>"",B64&" "&LEFT(C64,1)&".","") -> Tyler A. | E64: twacolts@aol.com | F64: Y
A65: 33 | B65: Vicki | C65: Picaut | D65: =IF(B65<>"",B65&" "&LEFT(C65,1)&".","") -> Vicki P. | E65: nukemom@aol.com | F65: Y
D66: =IF(B66<>"",B66&" "&LEFT(C66,1)&".","")
D67: =IF(B67<>"",B67&" "&LEFT(C67,1)&".","")
D68: =IF(B68<>"",B68&" "&LEFT(C68,1)&".","")
D69: =IF(B69<>"",B69&" "&LEFT(C69,1)&".","")

Sheet Games
A1: Games — 2026 Season
A2: 13 weeks (Thu Sep 3, 2026 - Sat Nov 28, 2026), week before conference championships. Week 1 populated with confirmed matchups. Weeks 2-13: enter as each week's slate is set. TV Channel left blank where not yet confirmed - fill in when announced. Favorite/Underdog: spreads sourced from covers.com, locked in Thursday night before each week's games. True pick'em (0-point spread): the road team is designated the favorite.
A4: Week | B4: Game # | C4: Favorite | D4: Underdog | E4: Date | F4: Time | G4: TV Channel | H4: Home Team
A5: 1 | B5: 1 | C5: Georgia Tech | D5: Colorado | E5: 46268 | F5: 8:00 PM | G5: ESPN | H5: Georgia Tech
A6: 1 | B6: 2 | C6: Eastern Michigan | D6: San Jose State | E6: 46269 | F6: 6:30 PM | G6: ESPN+ | H6: Eastern Michigan
A7: 1 | B7: 3 | C7: James Madison | D7: Liberty | E7: 46270 | F7: 12:00 PM | G7: ESPNU | H7: James Madison
A8: 1 | B8: 4 | C8: Cincinnati | D8: Boston College | E8: 46270 | F8: 3:30 PM | G8: FOX | H8: Cincinnati
A9: 1 | B9: 5 | C9: Duke | D9: Tulane | E9: 46270 | F9: 3:30 PM | G9: ACCN | H9: Duke
A10: 1 | B10: 6 | C10: Auburn | D10: Baylor | E10: 46270 | F10: 3:30 PM | G10: ABC | H10: Neutral - Atlanta, GA (Mercedes-Benz Stadium)
A11: 1 | B11: 7 | C11: Colorado State | D11: Wyoming | E11: 46270 | F11: 6:00 PM | G11: USA | H11: Colorado State
A12: 1 | B12: 8 | C12: LSU | D12: Clemson | E12: 46270 | F12: 7:30 PM | G12: ABC | H12: LSU
A13: 1 | B13: 9 | C13: UNLV | D13: Hawai'i | E13: 46270 | F13: 10:00 PM | G13: CW | H13: Hawai'i
A14: 1 | B14: 10 | C14: UCLA | D14: California | E14: 46270 | F14: 10:30 PM | G14: ESPN | H14: California
A15: 1 | B15: 11 | C15: Western Kentucky | D15: Nevada | E15: 46270 | F15: 10:30 PM | G15: CBSSN | H15: Nevada
A16: 1 | B16: 12 | C16: Ole Miss | D16: Louisville | E16: 46271 | F16: 7:30 PM | G16: ABC | H16: Neutral - Nashville, TN (Nissan Stadium)
... A43: 3 | B43: 13 | C43: James Madison | D43: San Diego State | E43: 46284 | F43: 10:00 PM | G43: CW | H43: San Diego State
A44: 4 | B44: 1
A45: 4 | B45: 2
A46: 4 | B46: 3
A47: 4 | B47: 4
A48: 4 | B48: 5
A49: 4 | B49: 6
A50: 4 | B50: 7
A51: 4 | B51: 8
A52: 4 | B52: 9
A53: 4 | B53: 10
A54: 4 | B54: 11
A55: 4 | B55: 12
... A173: 13 | B173: 13

Sheet Picks_W1
A1: Picks — Week 1
A2: Sorted alphabetically by first name. Yellow cells = type here. Pick columns are dropdowns (Favorite/Underdog team). 2PT columns: enter the game # (1-13) for each of the 3 games this player doubled.
A4: Player | B4: =1&CHAR(10)&Games!C5&" vs "&Games!D5 -> 1 Georgia Tech vs Colorado | C4: =2&CHAR(10)&Games!C6&" vs "&Games!D6 -> 2 Eastern Michigan vs San Jose State | D4: =3&CHAR(10)&Games!C7&" vs "&Games!D7 -> 3 James Madison vs Liberty | E4: =4&CHAR(10)&Games!C8&" vs "&Games!D8 -> 4 Cincinnati vs Boston College | F4: =5&CHAR(10)&Games!C9&" vs "&Games!D9 -> 5 Duke vs Tulane | G4: =6&CHAR(10)&Games!C10&" vs "&Games!D10 -> 6 Auburn vs Baylor | H4: =7&CHAR(10)&Games!C11&" vs "&Games!D11 -> 7 Colorado State vs Wyoming | I4: =8&CHAR(10)&Games!C12&" vs "&Games!D12 -> 8 LSU vs Clemson | J4: =9&CHAR(10)&Games!C13&" vs "&Games!D13 -> 9 UNLV vs Hawai'i | K4: =10&CHAR(10)&Games!C14&" vs "&Games!D14 -> 10 UCLA vs California | L4: =11&CHAR(10)&Games!C15&" vs "&Games!D15 -> 11 Western Kentucky vs Nevada | M4: =12&CHAR(10)&Games!C16&" vs "&Games!D16 -> 12 Ole Miss vs Louisville | N4: =13&CHAR(10)&Games!C17&" vs "&Games!D17 -> 13 SMU vs Florida State | O4: 2PT Game #1 | P4: 2PT Game #2 | Q4: 2PT Game #3 | R4: Tiebreaker Guess | S4: Game 1 Pts | T4: Game 2 Pts | U4: Game 3 Pts | V4: Game 4 Pts | W4: Game 5 Pts | X4: Game 6 Pts | Y4: Game 7 Pts | Z4: Game 8 Pts | AA4: Game 9 Pts | AB4: Game 10 Pts | AC4: Game 11 Pts | AD4: Game 12 Pts | AE4: Game 13 Pts | AF4: Week Total | AG4: TB Diff (helper) | AH4: Player ID (helper) | AI4: G1 Upset Correct? | AJ4: G2 Upset Correct? | AK4: G3 Upset Correct? | AL4: G4 Upset Correct? | AM4: G5 Upset Correct? | AN4: G6 Upset Correct? | AO4: G7 Upset Correct? | AP4: G8 Upset Correct? | AQ4: G9 Upset Correct? | AR4: G10 Upset Correct? | AS4: G11 Upset Correct? | AT4: G12 Upset Correct? | AU4: G13 Upset Correct? | AV4: Weekly Upsets Correct
A6: =INDEX(Players!$D$6:$D$69,MATCH(2,Players!$A$6:$A$69,0)) -> Amie M. | B6: Georgia Tech | C6: Eastern Michigan | D6: James Madison | E6: Cincinnati | F6: Duke | G6: Auburn | H6: Colorado State | I6: LSU | J6: Hawai'i | K6: California | L6: Western Kentucky | M6: Ole Miss | N6: SMU | O6: 4 | P6: 6 | Q6: 8 | R6: 55 | S6: =IF(OR(B6="",Results!B5=""),"",IF(B6=Results!B5,1+IF(OR($O6=1,$P6=1,$Q6=1),1,0),0)) -> 0 | T6: =IF(OR(C6="",Results!C5=""),"",IF(C6=Results!C5,1+IF(OR($O6=2,$P6=2,$Q6=2),1,0),0)) -> 0 | U6: =IF(OR(D6="",Results!D5=""),"",IF(D6=Results!D5,1+IF(OR($O6=3,$P6=3,$Q6=3),1,0),0)) -> 1 | V6: =IF(OR(E6="",Results!E5=""),"",IF(E6=Results!E5,1+IF(OR($O6=4,$P6=4,$Q6=4),1,0),0)) -> 2 | W6: =IF(OR(F6="",Results!F5=""),"",IF(F6=Results!F5,1+IF(OR($O6=5,$P6=5,$Q6=5),1,0),0)) -> 1 | X6: =IF(OR(G6="",Results!G5=""),"",IF(G6=Results!G5,1+IF(OR($O6=6,$P6=6,$Q6=6),1,0),0)) -> 2 | Y6: =IF(OR(H6="",Results!H5=""),"",IF(H6=Results!H5,1+IF(OR($O6=7,$P6=7,$Q6=7),1,0),0)) -> 1 | Z6: =IF(OR(I6="",Results!I5=""),"",IF(I6=Results!I5,1+IF(OR($O6=8,$P6=8,$Q6=8),1,0),0)) -> 2 | AA6: =IF(OR(J6="",Results!J5=""),"",IF(J6=Results!J5,1+IF(OR($O6=9,$P6=9,$Q6=9),1,0),0)) -> 0 | AB6: =IF(OR(K6="",Results!K5=""),"",IF(K6=Results!K5,1+IF(OR($O6=10,$P6=10,$Q6=10),1,0),0)) -> 0 | AC6: =IF(OR(L6="",Results!L5=""),"",IF(L6=Results!L5,1+IF(OR($O6=11,$P6=11,$Q6=11),1,0),0)) -> 0 | AD6: =IF(OR(M6="",Results!M5=""),"",IF(M6=Results!M5,1+IF(OR($O6=12,$P6=12,$Q6=12),1,0),0)) -> 1 | AE6: =IF(OR(N6="",Results!N5=""),"",IF(N6=Results!N5,1+IF(OR($O6=13,$P6=13,$Q6=13),1,0),0)) -> 1 | AF6: =SUM(S6:AE6) -> 11 | AG6: =IF(OR($R6="",Results!O5=""),"",ABS($R6-Results!O5)) -> 4 | AH6: 2 | AI6: =IF(OR(B6="",Results!B5=""),"",IF(AND(B6=Results!B5,Results!B5<>Games!$C$5),1,0)) -> 0 | AJ6: =IF(OR(C6="",Results!C5=""),"",IF(AND(C6=Results!C5,Results!C5<>Games!$C$6),1,0)) -> 0 | AK6: =IF(OR(D6="",Results!D5=""),"",IF(AND(D6=Results!D5,Results!D5<>Games!$C$7),1,0)) -> 0 | AL6: =IF(OR(E6="",Results!E5=""),"",IF(AND(E6=Results!E5,Results!E5<>Games!$C$8),1,0)) -> 0 | AM6: =IF(OR(F6="",Results!F5=""),"",IF(AND(F6=Results!F5,Results!F5<>Games!$C$9),1,0)) -> 0 | AN6: =IF(OR(G6="",Results!G5=""),"",IF(AND(G6=Results!G5,Results!G5<>Games!$C$10),1,0)) -> 0 | AO6: =IF(OR(H6="",Results!H5=""),"",IF(AND(H6=Results!H5,Results!H5<>Games!$C$11),1,0)) -> 0 | AP6: =IF(OR(I6="",Results!I5=""),"",IF(AND(I6=Results!I5,Results!I5<>Games!$C$12),1,0)) -> 0 | AQ6: =IF(OR(J6="",Results!J5=""),"",IF(AND(J6=Results!J5,Results!J5<>Games!$C$13),1,0)) -> 0 | AR6: =IF(OR(K6="",Results!K5=""),"",IF(AND(K6=Results!K5,Results!K5<>Games!$C$14),1,0)) -> 0 | AS6: =IF(OR(L6="",Results!L5=""),"",IF(AND(L6=Results!L5,Results!L5<>Games!$C$15),1,0)) -> 0 | AT6: =IF(OR(M6="",Results!M5=""),"",IF(AND(M6=Results!M5,Results!M5<>Games!$C$16),1,0)) -> 0 | AU6: =IF(OR(N6="",Results!N5=""),"",IF(AND(N6=Results!N5,Results!N5<>Games!$C$17),1,0)) -> 0 | AV6: =SUM(AI6:AU6) -> 0
A7: =INDEX(Players!$D$6:$D$69,MATCH(53,Players!$A$6:$A$69,0)) -> Andy K. | B7: Georgia Tech | C7: Eastern Michigan | D7: James Madison | E7: Cincinnati | F7: Duke | G7: Auburn | H7: Wyoming | I7: LSU | J7: UNLV | K7: California | L7: Nevada | M7: Ole Miss | N7: Florida State | O7: 5 | P7: 6 | Q7: 8 | R7: 54 | S7: =IF(OR(B7="",Results!B5=""),"",IF(B7=Results!B5,1+IF(OR($O7=1,$P7=1,$Q7=1),1,0),0)) -> 0 | T7: =IF(OR(C7="",Results!C5=""),"",IF(C7=Results!C5,1+IF(OR($O7=2,$P7=2,$Q7=2),1,0),0)) -> 0 | U7: =IF(OR(D7="",Results!D5=""),"",IF(D7=Results!D5,1+IF(OR($O7=3,$P7=3,$Q7=3),1,0),0)) -> 1 | V7: =IF(OR(E7="",Results!E5=""),"",IF(E7=Results!E5,1+IF(OR($O7=4,$P7=4,$Q7=4),1,0),0)) -> 1 | W7: =IF(OR(F7="",Results!F5=""),"",IF(F7=Results!F5,1+IF(OR($O7=5,$P7=5,$Q7=5),1,0),0)) -> 2 | X7: =IF(OR(G7="",Results!G5=""),"",IF(G7=Results!G5,1+IF(OR($O7=6,$P7=6,$Q7=6),1,0),0)) -> 2 | Y7: =IF(OR(H7="",Results!H5=""),"",IF(H7=Results!H5,1+IF(OR($O7=7,$P7=7,$Q7=7),1,0),0)) -> 0 | Z7: =IF(OR(I7="",Results!I5=""),"",IF(I7=Results!I5,1+IF(OR($O7=8,$P7=8,$Q7=8),1,0),0)) -> 2 | AA7: =IF(OR(J7="",Results!J5=""),"",IF(J7=Results!J5,1+IF(OR($O7=9,$P7=9,$Q7=9),1,0),0)) -> 1 | AB7: =IF(OR(K7="",Results!K5=""),"",IF(K7=Results!K5,1+IF(OR($O7=10,$P7=10,$Q7=10),1,0),0)) -> 0 | AC7: =IF(OR(L7="",Results!L5=""),"",IF(L7=Results!L5,1+IF(OR($O7=11,$P7=11,$Q7=11),1,0),0)) -> 1 | AD7: =IF(OR(M7="",Results!M5=""),"",IF(M7=Results!M5,1+IF(OR($O7=12,$P7=12,$Q7=12),1,0),0)) -> 1 | AE7: =IF(OR(N7="",Results!N5=""),"",IF(N7=Results!N5,1+IF(OR($O7=13,$P7=13,$Q7=13),1,0),0)) -> 0 | AF7: =SUM(S7:AE7) -> 11 | AG7: =IF(OR($R7="",Results!O5=""),"",ABS($R7-Results!O5)) -> 3 | AH7: 53 | AI7: =IF(OR(B7="",Results!B5=""),"",IF(AND(B7=Results!B5,Results!B5<>Games!$C$5),1,0)) -> 0 | AJ7: =IF(OR(C7="",Results!C5=""),"",IF(AND(C7=Results!C5,Results!C5<>Games!$C$6),1,0)) -> 0 | AK7: =IF(OR(D7="",Results!D5=""),"",IF(AND(D7=Results!D5,Results!D5<>Games!$C$7),1,0)) -> 0 | AL7: =IF(OR(E7="",Results!E5=""),"",IF(AND(E7=Results!E5,Results!E5<>Games!$C$8),1,0)) -> 0 | AM7: =IF(OR(F7="",Results!F5=""),"",IF(AND(F7=Results!F5,Results!F5<>Games!$C$9),1,0)) -> 0 | AN7: =IF(OR(G7="",Results!G5=""),"",IF(AND(G7=Results!G5,Results!G5<>Games!$C$10),1,0)) -> 0 | AO7: =IF(OR(H7="",Results!H5=""),"",IF(AND(H7=Results!H5,Results!H5<>Games!$C$11),1,0)) -> 0 | AP7: =IF(OR(I7="",Results!I5=""),"",IF(AND(I7=Results!I5,Results!I5<>Games!$C$12),1,0)) -> 0 | AQ7: =IF(OR(J7="",Results!J5=""),"",IF(AND(J7=Results!J5,Results!J5<>Games!$C$13),1,0)) -> 0 | AR7: =IF(OR(K7="",Results!K5=""),"",IF(AND(K7=Results!K5,Results!K5<>Games!$C$14),1,0)) -> 0 | AS7: =IF(OR(L7="",Results!L5=""),"",IF(AND(L7=Results!L5,Results!L5<>Games!$C$15),1,0)) -> 1 | AT7: =IF(OR(M7="",Results!M5=""),"",IF(AND(M7=Results!M5,Results!M5<>Games!$C$16),1,0)) -> 0 | AU7: =IF(OR(N7="",Results!N5=""),"",IF(AND(N7=Results!N5,Results!N5<>Games!$C$17),1,0)) -> 0 | AV7: =SUM(AI7:AU7) -> 1
A8: =INDEX(Players!$D$6:$D$69,MATCH(61,Players!$A$6:$A$69,0)) -> Bryan C. | B8: NO PICK | C8: San Jose State | D8: James Madison | E8: Cincinnati | F8: Duke | G8: Auburn | H8: Colorado State | I8: LSU | J8: UNLV | K8: UCLA | L8: Western Kentucky | M8: Louisville | N8: SMU | O8: 6 | P8: 4 | Q8: 8 | R8: 58 | S8: =IF(OR(B8="",Results!B5=""),"",IF(B8=Results!B5,1+IF(OR($O8=1,$P8=1,$Q8=1),1,0),0)) -> 0 | T8: =IF(OR(C8="",Results!C5=""),"",IF(C8=Results!C5,1+IF(OR($O8=2,$P8=2,$Q8=2),1,0),0)) -> 1 | U8: =IF(OR(D8="",Results!D5=""),"",IF(D8=Results!D5,1+IF(OR($O8=3,$P8=3,$Q8=3),1,0),0)) -> 1 | V8: =IF(OR(E8="",Results!E5=""),"",IF(E8=Results!E5,1+IF(OR($O8=4,$P8=4,$Q8=4),1,0),0)) -> 2 | W8: =IF(OR(F8="",Results!F5=""),"",IF(F8=Results!F5,1+IF(OR($O8=5,$P8=5,$Q8=5),1,0),0)) -> 1 | X8: =IF(OR(G8="",Results!G5=""),"",IF(G8=Results!G5,1+IF(OR($O8=6,$P8=6,$Q8=6),1,0),0)) -> 2 | Y8: =IF(OR(H8="",Results!H5=""),"",IF(H8=Results!H5,1+IF(OR($O8=7,$P8=7,$Q8=7),1,0),0)) -> 1 | Z8: =IF(OR(I8="",Results!I5=""),"",IF(I8=Results!I5,1+IF(OR($O8=8,$P8=8,$Q8=8),1,0),0)) -> 2 | AA8: =IF(OR(J8="",Results!J5=""),"",IF(J8=Results!J5,1+IF(OR($O8=9,$P8=9,$Q8=9),1,0),0)) -> 1 | AB8: =IF(OR(K8="",Results!K5=""),"",IF(K8=Results!K5,1+IF(OR($O8=10,$P8=10,$Q8=10),1,0),0)) -> 1 | AC8: =IF(OR(L8="",Results!L5=""),"",IF(L8=Results!L5,1+IF(OR($O8=11,$P8=11,$Q8=11),1,0),0)) -> 0 | AD8: =IF(OR(M8="",Results!M5=""),"",IF(M8=Results!M5,1+IF(OR($O8=12,$P8=12,$Q8=12),1,0),0)) -> 0 | AE8: =IF(OR(N8="",Results!N5=""),"",IF(N8=Results!N5,1+IF(OR($O8=13,$P8=13,$Q8=13),1,0),0)) -> 1 | AF8: =SUM(S8:AE8) -> 13 | AG8: =IF(OR($R8="",Results!O5=""),"",ABS($R8-Results!O5)) -> 7 | AH8: 61 | AI8: =IF(OR(B8="",Results!B5=""),"",IF(AND(B8=Results!B5,Results!B5<>Games!$C$5),1,0)) -> 0 | AJ8: =IF(OR(C8="",Results!C5=""),"",IF(AND(C8=Results!C5,Results!C5<>Games!$C$6),1,0)) -> 1 | AK8: =IF(OR(D8="",Results!D5=""),"",IF(AND(D8=Results!D5,Results!D5<>Games!$C$7),1,0)) -> 0 | AL8: =IF(OR(E8="",Results!E5=""),"",IF(AND(E8=Results!E5,Results!E5<>Games!$C$8),1,0)) -> 0 | AM8: =IF(OR(F8="",Results!F5=""),"",IF(AND(F8=Results!F5,Results!F5<>Games!$C$9),1,0)) -> 0 | AN8: =IF(OR(G8="",Results!G5=""),"",IF(AND(G8=Results!G5,Results!G5<>Games!$C$10),1,0)) -> 0 | AO8: =IF(OR(H8="",Results!H5=""),"",IF(AND(H8=Results!H5,Results!H5<>Games!$C$11),1,0)) -> 0 | AP8: =IF(OR(I8="",Results!I5=""),"",IF(AND(I8=Results!I5,Results!I5<>Games!$C$12),1,0)) -> 0 | AQ8: =IF(OR(J8="",Results!J5=""),"",IF(AND(J8=Results!J5,Results!J5<>Games!$C$13),1,0)) -> 0 | AR8: =IF(OR(K8="",Results!K5=""),"",IF(AND(K8=Results!K5,Results!K5<>Games!$C$14),1,0)) -> 0 | AS8: =IF(OR(L8="",Results!L5=""),"",IF(AND(L8=Results!L5,Results!L5<>Games!$C$15),1,0)) -> 0 | AT8: =IF(OR(M8="",Results!M5=""),"",IF(AND(M8=Results!M5,Results!M5<>Games!$C$16),1,0)) -> 0 | AU8: =IF(OR(N8="",Results!N5=""),"",IF(AND(N8=Results!N5,Results!N5<>Games!$C$17),1,0)) -> 0 | AV8: =SUM(AI8:AU8) -> 1
A9: =INDEX(Players!$D$6:$D$69,MATCH(41,Players!$A$6:$A$69,0)) -> Bryan M. | B9: Georgia Tech | C9: Eastern Michigan | D9: James Madison | E9: Cincinnati | F9: Duke | G9: Auburn | H9: Colorado State | I9: LSU | J9: UNLV | K9: UCLA | L9: Western Kentucky | M9: Ole Miss | N9: SMU | O9: 1 | P9: 4 | Q9: 6 | S9: =IF(OR(B9="",Results!B5=""),"",IF(B9=Results!B5,1+IF(OR($O9=1,$P9=1,$Q9=1),1,0),0)) -> 0 | T9: =IF(OR(C9="",Results!C5=""),"",IF(C9=Results!C5,1+IF(OR($O9=2,$P9=2,$Q9=2),1,0),0)) -> 0 | U9: =IF(OR(D9="",Results!D5=""),"",IF(D9=Results!D5,1+IF(OR($O9=3,$P9=3,$Q9=3),1,0),0)) -> 1 | V9: =IF(OR(E9="",Results!E5=""),"",IF(E9=Results!E5,1+IF(OR($O9=4,$P9=4,$Q9=4),1,0),0)) -> 2 | W9: =IF(OR(F9="",Results!F5=""),"",IF(F9=Results!F5,1+IF(OR($O9=5,$P9=5,$Q9=5),1,0),0)) -> 1 | X9: =IF(OR(G9="",Results!G5=""),"",IF(G9=Results!G5,1+IF(OR($O9=6,$P9=6,$Q9=6),1,0),0)) -> 2 | Y9: =IF(OR(H9="",Results!H5=""),"",IF(H9=Results!H5,1+IF(OR($O9=7,$P9=7,$Q9=7),1,0),0)) -> 1 | Z9: =IF(OR(I9="",Results!I5=""),"",IF(I9=Results!I5,1+IF(OR($O9=8,$P9=8,$Q9=8),1,0),0)) -> 1 | AA9: =IF(OR(J9="",Results!J5=""),"",IF(J9=Results!J5,1+IF(OR($O9=9,$P9=9,$Q9=9),1,0),0)) -> 1 | AB9: =IF(OR(K9="",Results!K5=""),"",IF(K9=Results!K5,1+IF(OR($O9=10,$P9=10,$Q9=10),1,0),0)) -> 1 | AC9: =IF(OR(L9="",Results!L5=""),"",IF(L9=Results!L5,1+IF(OR($O9=11,$P9=11,$Q9=11),1,0),0)) -> 0 | AD9: =IF(OR(M9="",Results!M5=""),"",IF(M9=Results!M5,1+IF(OR($O9=12,$P9=12,$Q9=12),1,0),0)) -> 1 | AE9: =IF(OR(N9="",Results!N5=""),"",IF(N9=Results!N5,1+IF(OR($O9=13,$P9=13,$Q9=13),1,0),0)) -> 1 | AF9: =SUM(S9:AE9) -> 12 | AG9: =IF(OR($R9="",Results!O5=""),"",ABS($R9-Results!O5)) | AH9: 41 | AI9: =IF(OR(B9="",Results!B5=""),"",IF(AND(B9=Results!B5,Results!B5<>Games!$C$5),1,0)) -> 0 | AJ9: =IF(OR(C9="",Results!C5=""),"",IF(AND(C9=Results!C5,Results!C5<>Games!$C$6),1,0)) -> 0 | AK9: =IF(OR(D9="",Results!D5=""),"",IF(AND(D9=Results!D5,Results!D5<>Games!$C$7),1,0)) -> 0 | AL9: =IF(OR(E9="",Results!E5=""),"",IF(AND(E9=Results!E5,Results!E5<>Games!$C$8),1,0)) -> 0 | AM9: =IF(OR(F9="",Results!F5=""),"",IF(AND(F9=Results!F5,Results!F5<>Games!$C$9),1,0)) -> 0 | AN9: =IF(OR(G9="",Results!G5=""),"",IF(AND(G9=Results!G5,Results!G5<>Games!$C$10),1,0)) -> 0 | AO9: =IF(OR(H9="",Results!H5=""),"",IF(AND(H9=Results!H5,Results!H5<>Games!$C$11),1,0)) -> 0 | AP9: =IF(OR(I9="",Results!I5=""),"",IF(AND(I9=Results!I5,Results!I5<>Games!$C$12),1,0)) -> 0 | AQ9: =IF(OR(J9="",Results!J5=""),"",IF(AND(J9=Results!J5,Results!J5<>Games!$C$13),1,0)) -> 0 | AR9: =IF(OR(K9="",Results!K5=""),"",IF(AND(K9=Results!K5,Results!K5<>Games!$C$14),1,0)) -> 0 | AS9: =IF(OR(L9="",Results!L5=""),"",IF(AND(L9=Results!L5,Results!L5<>Games!$C$15),1,0)) -> 0 | AT9: =IF(OR(M9="",Results!M5=""),"",IF(AND(M9=Results!M5,Results!M5<>Games!$C$16),1,0)) -> 0 | AU9: =IF(OR(N9="",Results!N5=""),"",IF(AND(N9=Results!N5,Results!N5<>Games!$C$17),1,0)) -> 0 | AV9: =SUM(AI9:AU9) -> 0
A10: =INDEX(Players!$D$6:$D$69,MATCH(3,Players!$A$6:$A$69,0)) -> Charlie F. | B10: Georgia Tech | C10: Eastern Michigan | D10: James Madison | E10: Boston College | F10: Duke | G10: Auburn | H10: Colorado State | I10: LSU | J10: UNLV | K10: California | L10: Nevada | M10: Ole Miss | N10: SMU | O10: 1 | P10: 12 | Q10: 13 | R10: 52 | S10: =IF(OR(B10="",Results!B5=""),"",IF(B10=Results!B5,1+IF(OR($O10=1,$P10=1,$Q10=1),1,0),0)) -> 0 | T10: =IF(OR(C10="",Results!C5=""),"",IF(C10=Results!C5,1+IF(OR($O10=2,$P10=2,$Q10=2),1,0),0)) -> 0 | U10: =IF(OR(D10="",Results!D5=""),"",IF(D10=Results!D5,1+IF(OR($O10=3,$P10=3,$Q10=3),1,0),0)) -> 1 | V10: =IF(OR(E10="",Results!E5=""),"",IF(E10=Results!E5,1+IF(OR($O10=4,$P10=4,$Q10=4),1,0),0)) -> 0 | W10: =IF(OR(F10="",Results!F5=""),"",IF(F10=Results!F5,1+IF(OR($O10=5,$P10=5,$Q10=5),1,0),0)) -> 1 | X10: =IF(OR(G10="",Results!G5=""),"",IF(G10=Results!G5,1+IF(OR($O10=6,$P10=6,$Q10=6),1,0),0)) -> 1 | Y10: =IF(OR(H10="",Results!H5=""),"",IF(H10=Results!H5,1+IF(OR($O10=7,$P10=7,$Q10=7),1,0),0)) -> 1 | Z10: =IF(OR(I10="",Results!I5=""),"",IF(I10=Results!I5,1+IF(OR($O10=8,$P10=8,$Q10=8),1,0),0)) -> 1 | AA10: =IF(OR(J10="",Results!J5=""),"",IF(J10=Results!J5,1+IF(OR($O10=9,$P10=9,$Q10=9),1,0),0)) -> 1 | AB10: =IF(OR(K10="",Results!K5=""),"",IF(K10=Results!K5,1+IF(OR($O10=10,$P10=10,$Q10=10),1,0),0)) -> 0 | AC10: =IF(OR(L10="",Results!L5=""),"",IF(L10=Results!L5,1+IF(OR($O10=11,$P10=11,$Q10=11),1,0),0)) -> 1 | AD10: =IF(OR(M10="",Results!M5=""),"",IF(M10=Results!M5,1+IF(OR($O10=12,$P10=12,$Q10=12),1,0),0)) -> 2 | AE10: =IF(OR(N10="",Results!N5=""),"",IF(N10=Results!N5,1+IF(OR($O10=13,$P10=13,$Q10=13),1,0),0)) -> 2 | AF10: =SUM(S10:AE10) -> 11 | AG10: =IF(OR($R10="",Results!O5=""),"",ABS($R10-Results!O5)) -> 1 | AH10: 3 | AI10: =IF(OR(B10="",Results!B5=""),"",IF(AND(B10=Results!B5,Results!B5<>Games!$C$5),1,0)) -> 0 | AJ10: =IF(OR(C10="",Results!C5=""),"",IF(AND(C10=Results!C5,Results!C5<>Games!$C$6),1,0)) -> 0 | AK10: =IF(OR(D10="",Results!D5=""),"",IF(AND(D10=Results!D5,Results!D5<>Games!$C$7),1,0)) -> 0 | AL10: =IF(OR(E10="",Results!E5=""),"",IF(AND(E10=Results!E5,Results!E5<>Games!$C$8),1,0)) -> 0 | AM10: =IF(OR(F10="",Results!F5=""),"",IF(AND(F10=Results!F5,Results!F5<>Games!$C$9),1,0)) -> 0 | AN10: =IF(OR(G10="",Results!G5=""),"",IF(AND(G10=Results!G5,Results!G5<>Games!$C$10),1,0)) -> 0 | AO10: =IF(OR(H10="",Results!H5=""),"",IF(AND(H10=Results!H5,Results!H5<>Games!$C$11),1,0)) -> 0 | AP10: =IF(OR(I10="",Results!I5=""),"",IF(AND(I10=Results!I5,Results!I5<>Games!$C$12),1,0)) -> 0 | AQ10: =IF(OR(J10="",Results!J5=""),"",IF(AND(J10=Results!J5,Results!J5<>Games!$C$13),1,0)) -> 0 | AR10: =IF(OR(K10="",Results!K5=""),"",IF(AND(K10=Results!K5,Results!K5<>Games!$C$14),1,0)) -> 0 | AS10: =IF(OR(L10="",Results!L5=""),"",IF(AND(L10=Results!L5,Results!L5<>Games!$C$15),1,0)) -> 1 | AT10: =IF(OR(M10="",Results!M5=""),"",IF(AND(M10=Results!M5,Results!M5<>Games!$C$16),1,0)) -> 0 | AU10: =IF(OR(N10="",Results!N5=""),"",IF(AND(N10=Results!N5,Results!N5<>Games!$C$17),1,0)) -> 0 | AV10: =SUM(AI10:AU10) -> 1
A11: =INDEX(Players!$D$6:$D$69,MATCH(58,Players!$A$6:$A$69,0)) -> Chris P. | B11: Georgia Tech | C11: San Jose State | D11: Liberty | E11: Cincinnati | F11: Duke | G11: Baylor | H11: Colorado State | I11: LSU | J11: UNLV | K11: UCLA | L11: Western Kentucky | M11: Ole Miss | N11: SMU | O11: 1 | P11: 4 | Q11: 8 | R11: 54 | S11: =IF(OR(B11="",Results!B5=""),"",IF(B11=Results!B5,1+IF(OR($O11=1,$P11=1,$Q11=1),1,0),0)) -> 0 | T11: =IF(OR(C11="",Results!C5=""),"",IF(C11=Results!C5,1+IF(OR($O11=2,$P11=2,$Q11=2),1,0),0)) -> 1 | U11: =IF(OR(D11="",Results!D5=""),"",IF(D11=Results!D5,1+IF(OR($O11=3,$P11=3,$Q11=3),1,0),0)) -> 0 | V11: =IF(OR(E11="",Results!E5=""),"",IF(E11=Results!E5,1+IF(OR($O11=4,$P11=4,$Q11=4),1,0),0)) -> 2 | W11: =IF(OR(F11="",Results!F5=""),"",IF(F11=Results!F5,1+IF(OR($O11=5,$P11=5,$Q11=5),1,0),0)) -> 1 | X11: =IF(OR(G11="",Results!G5=""),"",IF(G11=Results!G5,1+IF(OR($O11=6,$P11=6,$Q11=6),1,0),0)) -> 0 | Y11: =IF(OR(H11="",Results!H5=""),"",IF(H11=Results!H5,1+IF(OR($O11=7,$P11=7,$Q11=7),1,0),0)) -> 1 | Z11: =IF(OR(I11="",Results!I5=""),"",IF(I11=Results!I5,1+IF(OR($O11=8,$P11=8,$Q11=8),1,0),0)) -> 2 | AA11: =IF(OR(J11="",Results!J5=""),"",IF(J11=Results!J5,1+IF(OR($O11=9,$P11=9,$Q11=9),1,0),0)) -> 1 | AB11: =IF(OR(K11="",Results!K5=""),"",IF(K11=Results!K5,1+IF(OR($O11=10,$P11=10,$Q11=10),1,0),0)) -> 1 | AC11: =IF(OR(L11="",Results!L5=""),"",IF(L11=Results!L5,1+IF(OR($O11=11,$P11=11,$Q11=11),1,0),0)) -> 0 | AD11: =IF(OR(M11="",Results!M5=""),"",IF(M11=Results!M5,1+IF(OR($O11=12,$P11=12,$Q11=12),1,0),0)) -> 1 | AE11: =IF(OR(N11="",Results!N5=""),"",IF(N11=Results!N5,1+IF(OR($O11=13,$P11=13,$Q11=13),1,0),0)) -> 1 | AF11: =SUM(S11:AE11) -> 11 | AG11: =IF(OR($R11="",Results!O5=""),"",ABS($R11-Results!O5)) -> 3 | AH11: 58 | AI11: =IF(OR(B11="",Results!B5=""),"",IF(AND(B11=Results!B5,Results!B5<>Games!$C$5),1,0)) -> 0 | AJ11: =IF(OR(C11="",Results!C5=""),"",IF(AND(C11=Results!C5,Results!C5<>Games!$C$6),1,0)) -> 1 | AK11: =IF(OR(D11="",Results!D5=""),"",IF(AND(D11=Results!D5,Results!D5<>Games!$C$7),1,0)) -> 0 | AL11: =IF(OR(E11="",Results!E5=""),"",IF(AND(E11=Results!E5,Results!E5<>Games!$C$8),1,0)) -> 0 | AM11: =IF(OR(F11="",Results!F5=""),"",IF(AND(F11=Results!F5,Results!F5<>Games!$C$9),1,0)) -> 0 | AN11: =IF(OR(G11="",Results!G5=""),"",IF(AND(G11=Results!G5,Results!G5<>Games!$C$10),1,0)) -> 0 | AO11: =IF(OR(H11="",Results!H5=""),"",IF(AND(H11=Results!H5,Results!H5<>Games!$C$11),1,0)) -> 0 | AP11: =IF(OR(I11="",Results!I5=""),"",IF(AND(I11=Results!I5,Results!I5<>Games!$C$12),1,0)) -> 0 | AQ11: =IF(OR(J11="",Results!J5=""),"",IF(AND(J11=Results!J5,Results!J5<>Games!$C$13),1,0)) -> 0 | AR11: =IF(OR(K11="",Results!K5=""),"",IF(AND(K11=Results!K5,Results!K5<>Games!$C$14),1,0)) -> 0 | AS11: =IF(OR(L11="",Results!L5=""),"",IF(AND(L11=Results!L5,Results!L5<>Games!$C$15),1,0)) -> 0 | AT11: =IF(OR(M11="",Results!M5=""),"",IF(AND(M11=Results!M5,Results!M5<>Games!$C$16),1,0)) -> 0 | AU11: =IF(OR(N11="",Results!N5=""),"",IF(AND(N11=Results!N5,Results!N5<>Games!$C$17),1,0)) -> 0 | AV11: =SUM(AI11:AU11) -> 1
A12: =INDEX(Players!$D$6:$D$69,MATCH(4,Players!$A$6:$A$69,0)) -> Corey H. | B12: Georgia Tech | C12: Eastern Michigan | D12: James Madison | E12: Cincinnati | F12: Duke | G12: Auburn | H12: Colorado State | I12: LSU | J12: Hawai'i | K12: UCLA | L12: Western Kentucky | M12: Ole Miss | N12: SMU | O12: 5 | P12: 6 | Q12: 8 | R12: 55 | S12: =IF(OR(B12="",Results!B5=""),"",IF(B12=Results!B5,1+IF(OR($O12=1,$P12=1,$Q12=1),1,0),0)) -> 0 | T12: =IF(OR(C12="",Results!C5=""),"",IF(C12=Results!C5,1+IF(OR($O12=2,$P12=2,$Q12=2),1,0),0)) -> 0 | U12: =IF(OR(D12="",Results!D5=""),"",IF(D12=Results!D5,1+IF(OR($O12=3,$P12=3,$Q12=3),1,0),0)) -> 1 | V12: =IF(OR(E12="",Results!E5=""),"",IF(E12=Results!E5,1+IF(OR($O12=4,$P12=4,$Q12=4),1,0),0)) -> 1 | W12: =IF(OR(F12="",Results!F5=""),"",IF(F12=Results!F5,1+IF(OR($O12=5,$P12=5,$Q12=5),1,0),0)) -> 2 | X12: =IF(OR(G12="",Results!G5=""),"",IF(G12=Results!G5,1+IF(OR($O12=6,$P12=6,$Q12=6),1,0),0)) -> 2 | Y12: =IF(OR(H12="",Results!H5=""),"",IF(H12=Results!H5,1+IF(OR($O12=7,$P12=7,$Q12=7),1,0),0)) -> 1 | Z12: =IF(OR(I12="",Results!I5=""),"",IF(I12=Results!I5,1+IF(OR($O12=8,$P12=8,$Q12=8),1,0),0)) -> 2 | AA12: =IF(OR(J12="",Results!J5=""),"",IF(J12=Results!J5,1+IF(OR($O12=9,$P12=9,$Q12=9),1,0),0)) -> 0 | AB12: =IF(OR(K12="",Results!K5=""),"",IF(K12=Results!K5,1+IF(OR($O12=10,$P12=10,$Q12=10),1,0),0)) -> 1 | AC12: =IF(OR(L12="",Results!L5=""),"",IF(L12=Results!L5,1+IF(OR($O12=11,$P12=11,$Q12=11),1,0),0)) -> 0 | AD12: =IF(OR(M12="",Results!M5=""),"",IF(M12=Results!M5,1+IF(OR($O12=12,$P12=12,$Q12=12),1,0),0)) -> 1 | AE12: =IF(OR(N12="",Results!N5=""),"",IF(N12=Results!N5,1+IF(OR($O12=13,$P12=13,$Q12=13),1,0),0)) -> 1 | AF12: =SUM(S12:AE12) -> 12 | AG12: =IF(OR($R12="",Results!O5=""),"",ABS($R12-Results!O5)) -> 4 | AH12: 4 | AI12: =IF(OR(B12="",Results!B5=""),"",IF(AND(B12=Results!B5,Results!B5<>Games!$C$5),1,0)) -> 0 | AJ12: =IF(OR(C12="",Results!C5=""),"",IF(AND(C12=Results!C5,Results!C5<>Games!$C$6),1,0)) -> 0 | AK12: =IF(OR(D12="",Results!D5=""),"",IF(AND(D12=Results!D5,Results!D5<>Games!$C$7),1,0)) -> 0 | AL12: =IF(OR(E12="",Results!E5=""),"",IF(AND(E12=Results!E5,Results!E5<>Games!$C$8),1,0)) -> 0 | AM12: =IF(OR(F12="",Results!F5=""),"",IF(AND(F12=Results!F5,Results!F5<>Games!$C$9),1,0)) -> 0 | AN12: =IF(OR(G12="",Results!G5=""),"",IF(AND(G12=Results!G5,Results!G5<>Games!$C$10),1,0)) -> 0 | AO12: =IF(OR(H12="",Results!H5=""),"",IF(AND(H12=Results!H5,Results!H5<>Games!$C$11),1,0)) -> 0 | AP12: =IF(OR(I12="",Results!I5=""),"",IF(AND(I12=Results!I5,Results!I5<>Games!$C$12),1,0)) -> 0 | AQ12: =IF(OR(J12="",Results!J5=""),"",IF(AND(J12=Results!J5,Results!J5<>Games!$C$13),1,0)) -> 0 | AR12: =IF(OR(K12="",Results!K5=""),"",IF(AND(K12=Results!K5,Results!K5<>Games!$C$14),1,0)) -> 0 | AS12: =IF(OR(L12="",Results!L5=""),"",IF(AND(L12=Results!L5,Results!L5<>Games!$C$15),1,0)) -> 0 | AT12: =IF(OR(M12="",Results!M5=""),"",IF(AND(M12=Results!M5,Results!M5<>Games!$C$16),1,0)) -> 0 | AU12: =IF(OR(N12="",Results!N5=""),"",IF(AND(N12=Results!N5,Results!N5<>Games!$C$17),1,0)) -> 0 | AV12: =SUM(AI12:AU12) -> 0
A13: =INDEX(Players!$D$6:$D$69,MATCH(57,Players!$A$6:$A$69,0)) -> Cori P. | B13: Georgia Tech | C13: San Jose State | D13: James Madison | E13: Cincinnati | F13: Duke | G13: Auburn | H13: Wyoming | I13: Clemson | J13: Hawai'i | K13: California | L13: Western Kentucky | M13: Ole Miss | N13: SMU | O13: 3 | P13: 11 | Q13: 12 | S13: =IF(OR(B13="",Results!B5=""),"",IF(B13=Results!B5,1+IF(OR($O13=1,$P13=1,$Q13=1),1,0),0)) -> 0 | T13: =IF(OR(C13="",Results!C5=""),"",IF(C13=Results!C5,1+IF(OR($O13=2,$P13=2,$Q13=2),1,0),0)) -> 1 | U13: =IF(OR(D13="",Results!D5=""),"",IF(D13=Results!D5,1+IF(OR($O13=3,$P13=3,$Q13=3),1,0),0)) -> 2 | V13: =IF(OR(E13="",Results!E5=""),"",IF(E13=Results!E5,1+IF(OR($O13=4,$P13=4,$Q13=4),1,0),0)) -> 1 | W13: =IF(OR(F13="",Results!F5=""),"",IF(F13=Results!F5,1+IF(OR($O13=5,$P13=5,$Q13=5),1,0),0)) -> 1 | X13: =IF(OR(G13="",Results!G5=""),"",IF(G13=Results!G5,1+IF(OR($O13=6,$P13=6,$Q13=6),1,0),0)) -> 1 | Y13: =IF(OR(H13="",Results!H5=""),"",IF(H13=Results!H5,1+IF(OR($O13=7,$P13=7,$Q13=7),1,0),0)) -> 0 | Z13: =IF(OR(I13="",Results!I5=""),"",IF(I13=Results!I5,1+IF(OR($O13=8,$P13=8,$Q13=8),1,0),0)) -> 0 | AA13: =IF(OR(J13="",Results!J5=""),"",IF(J13=Results!J5,1+IF(OR($O13=9,$P13=9,$Q13=9),1,0),0)) -> 0 | AB13: =IF(OR(K13="",Results!K5=""),"",IF(K13=Results!K5,1+IF(OR($O13=10,$P13=10,$Q13=10),1,0),0)) -> 0 | AC13: =IF(OR(L13="",Results!L5=""),"",IF(L13=Results!L5,1+IF(OR($O13=11,$P13=11,$Q13=11),1,0),0)) -> 0 | AD13: =IF(OR(M13="",Results!M5=""),"",IF(M13=Results!M5,1+IF(OR($O13=12,$P13=12,$Q13=12),1,0),0)) -> 2 | AE13: =IF(OR(N13="",Results!N5=""),"",IF(N13=Results!N5,1+IF(OR($O13=13,$P13=13,$Q13=13),1,0),0)) -> 1 | AF13: =SUM(S13:AE13) -> 9 | AG13: =IF(OR($R13="",Results!O5=""),"",ABS($R13-Results!O5)) | AH13: 57 | AI13: =IF(OR(B13="",Results!B5=""),"",IF(AND(B13=Results!B5,Results!B5<>Games!$C$5),1,0)) -> 0 | AJ13: =IF(OR(C13="",Results!C5=""),"",IF(AND(C13=Results!C5,Results!C5<>Games!$C$6),1,0)) -> 1 | AK13: =IF(OR(D13="",Results!D5=""),"",IF(AND(D13=Results!D5,Results!D5<>Games!$C$7),1,0)) -> 0 | AL13: =IF(OR(E13="",Results!E5=""),"",IF(AND(E13=Results!E5,Results!E5<>Games!$C$8),1,0)) -> 0 | AM13: =IF(OR(F13="",Results!F5=""),"",IF(AND(F13=Results!F5,Results!F5<>Games!$C$9),1,0)) -> 0 | AN13: =IF(OR(G13="",Results!G5=""),"",IF(AND(G13=Results!G5,Results!G5<>Games!$C$10),1,0)) -> 0 | AO13: =IF(OR(H13="",Results!H5=""),"",IF(AND(H13=Results!H5,Results!H5<>Games!$C$11),1,0)) -> 0 | AP13: =IF(OR(I13="",Results!I5=""),"",IF(AND(I13=Results!I5,Results!I5<>Games!$C$12),1,0)) -> 0 | AQ13: =IF(OR(J13="",Results!J5=""),"",IF(AND(J13=Results!J5,Results!J5<>Games!$C$13),1,0)) -> 0 | AR13: =IF(OR(K13="",Results!K5=""),"",IF(AND(K13=Results!K5,Results!K5<>Games!$C$14),1,0)) -> 0 | AS13: =IF(OR(L13="",Results!L5=""),"",IF(AND(L13=Results!L5,Results!L5<>Games!$C$15),1,0)) -> 0 | AT13: =IF(OR(M13="",Results!M5=""),"",IF(AND(M13=Results!M5,Results!M5<>Games!$C$16),1,0)) -> 0 | AU13: =IF(OR(N13="",Results!N5=""),"",IF(AND(N13=Results!N5,Results!N5<>Games!$C$17),1,0)) -> 0 | AV13: =SUM(AI13:AU13) -> 1
A14: =INDEX(Players!$D$6:$D$69,MATCH(6,Players!$A$6:$A$69,0)) -> Dan B. | B14: Georgia Tech | C14: Eastern Michigan | D14: James Madison | E14: Cincinnati | F14: Duke | G14: Auburn | H14: Colorado State | I14: LSU | J14: UNLV | K14: UCLA | L14: Western Kentucky | M14: Louisville | N14: Florida State | O14: 1 | P14: 4 | Q14: 5 | R14: 47 | S14: =IF(OR(B14="",Results!B5=""),"",IF(B14=Results!B5,1+IF(OR($O14=1,$P14=1,$Q14=1),1,0),0)) -> 0 | T14: =IF(OR(C14="",Results!C5=""),"",IF(C14=Results!C5,1+IF(OR($O14=2,$P14=2,$Q14=2),1,0),0)) -> 0 | U14: =IF(OR(D14="",Results!D5=""),"",IF(D14=Results!D5,1+IF(OR($O14=3,$P14=3,$Q14=3),1,0),0)) -> 1 | V14: =IF(OR(E14="",Results!E5=""),"",IF(E14=Results!E5,1+IF(OR($O14=4,$P14=4,$Q14=4),1,0),0)) -> 2 | W14: =IF(OR(F14="",Results!F5=""),"",IF(F14=Results!F5,1+IF(OR($O14=5,$P14=5,$Q14=5),1,0),0)) -> 2 | X14: =IF(OR(G14="",Results!G5=""),"",IF(G14=Results!G5,1+IF(OR($O14=6,$P14=6,$Q14=6),1,0),0)) -> 1 | Y14: =IF(OR(H14="",Results!H5=""),"",IF(H14=Results!H5,1+IF(OR($O14=7,$P14=7,$Q14=7),1,0),0)) -> 1 | Z14: =IF(OR(I14="",Results!I5=""),"",IF(I14=Results!I5,1+IF(OR($O14=8,$P14=8,$Q14=8),1,0),0)) -> 1 | AA14: =IF(OR(J14="",Results!J5=""),"",IF(J14=Results!J5,1+IF(OR($O14=9,$P14=9,$Q14=9),1,0),0)) -> 1 | AB14: =IF(OR(K14="",Results!K5=""),"",IF(K14=Results!K5,1+IF(OR($O14=10,$P14=10,$Q14=10),1,0),0)) -> 1 | AC14: =IF(OR(L14="",Results!L5=""),"",IF(L14=Results!L5,1+IF(OR($O14=11,$P14=11,$Q14=11),1,0),0)) -> 0 | AD14: =IF(OR(M14="",Results!M5=""),"",IF(M14=Results!M5,1+IF(OR($O14=12,$P14=12,$Q14=12),1,0),0)) -> 0 | AE14: =IF(OR(N14="",Results!N5=""),"",IF(N14=Results!N5,1+IF(OR($O14=13,$P14=13,$Q14=13),1,0),0)) -> 0 | AF14: =SUM(S14:AE14) -> 10 | AG14: =IF(OR($R14="",Results!O5=""),"",ABS($R14-Results!O5)) -> 4 | AH14: 6 | AI14: =IF(OR(B14="",Results!B5=""),"",IF(AND(B14=Results!B5,Results!B5<>Games!$C$5),1,0)) -> 0 | AJ14: =IF(OR(C14="",Results!C5=""),"",IF(AND(C14=Results!C5,Results!C5<>Games!$C$6),1,0)) -> 0 | AK14: =IF(OR(D14="",Results!D5=""),"",IF(AND(D14=Results!D5,Results!D5<>Games!$C$7),1,0)) -> 0 | AL14: =IF(OR(E14="",Results!E5=""),"",IF(AND(E14=Results!E5,Results!E5<>Games!$C$8),1,0)) -> 0 | AM14: =IF(OR(F14="",Results!F5=""),"",IF(AND(F14=Results!F5,Results!F5<>Games!$C$9),1,0)) -> 0 | AN14: =IF(OR(G14="",Results!G5=""),"",IF(AND(G14=Results!G5,Results!G5<>Games!$C$10),1,0)) -> 0 | AO14: =IF(OR(H14="",Results!H5=""),"",IF(AND(H14=Results!H5,Results!H5<>Games!$C$11),1,0)) -> 0 | AP14: =IF(OR(I14="",Results!I5=""),"",IF(AND(I14=Results!I5,Results!I5<>Games!$C$12),1,0)) -> 0 | AQ14: =IF(OR(J14="",Results!J5=""),"",IF(AND(J14=Results!J5,Results!J5<>Games!$C$13),1,0)) -> 0 | AR14: =IF(OR(K14="",Results!K5=""),"",IF(AND(K14=Results!K5,Results!K5<>Games!$C$14),1,0)) -> 0 | AS14: =IF(OR(L14="",Results!L5=""),"",IF(AND(L14=Results!L5,Results!L5<>Games!$C$15),1,0)) -> 0 | AT14: =IF(OR(M14="",Results!M5=""),"",IF(AND(M14=Results!M5,Results!M5<>Games!$C$16),1,0)) -> 0 | AU14: =IF(OR(N14="",Results!N5=""),"",IF(AND(N14=Results!N5,Results!N5<>Games!$C$17),1,0)) -> 0 | AV14: =SUM(AI14:AU14) -> 0
A15: =INDEX(Players!$D$6:$D$69,MATCH(5,Players!$A$6:$A$69,0)) -> Dan L. | B15: Georgia Tech | C15: Eastern Michigan | D15: James Madison | E15: Cincinnati | F15: Duke | G15: Auburn | H15: Colorado State | I15: LSU | J15: UNLV | K15: UCLA | L15: Western Kentucky | M15: Ole Miss | N15: SMU | O15: 4 | P15: 5 | Q15: 8 | R15: 51 | S15: =IF(OR(B15="",Results!B5=""),"",IF(B15=Results!B5,1+IF(OR($O15=1,$P15=1,$Q15=1),1,0),0)) -> 0 | T15: =IF(OR(C15="",Results!C5=""),"",IF(C15=Results!C5,1+IF(OR($O15=2,$P15=2,$Q15=2),1,0),0)) -> 0 | U15: =IF(OR(D15="",Results!D5=""),"",IF(D15=Results!D5,1+IF(OR($O15=3,$P15=3,$Q15=3),1,0),0)) -> 1 | V15: =IF(OR(E15="",Results!E5=""),"",IF(E15=Results!E5,1+IF(OR($O15=4,$P15=4,$Q15=4),1,0),0)) -> 2 | W15: =IF(OR(F15="",Results!F5=""),"",IF(F15=Results!F5,1+IF(OR($O15=5,$P15=5,$Q15=5),1,0),0)) -> 2 | X15: =IF(OR(G15="",Results!G5=""),"",IF(G15=Results!G5,1+IF(OR($O15=6,$P15=6,$Q15=6),1,0),0)) -> 1 | Y15: =IF(OR(H15="",Results!H5=""),"",IF(H15=Results!H5,1+IF(OR($O15=7,$P15=7,$Q15=7),1,0),0)) -> 1 | Z15: =IF(OR(I15="",Results!I5=""),"",IF(I15=Results!I5,1+IF(OR($O15=8,$P15=8,$Q15=8),1,0),0)) -> 2 | AA15: =IF(OR(J15="",Results!J5=""),"",IF(J15=Results!J5,1+IF(OR($O15=9,$P15=9,$Q15=9),1,0),0)) -> 1 | AB15: =IF(OR(K15="",Results!K5=""),"",IF(K15=Results!K5,1+IF(OR($O15=10,$P15=10,$Q15=10),1,0),0)) -> 1 | AC15: =IF(OR(L15="",Results!L5=""),"",IF(L15=Results!L5,1+IF(OR($O15=11,$P15=11,$Q15=11),1,0),0)) -> 0 | AD15: =IF(OR(M15="",Results!M5=""),"",IF(M15=Results!M5,1+IF(OR($O15=12,$P15=12,$Q15=12),1,0),0)) -> 1 | AE15: =IF(OR(N15="",Results!N5=""),"",IF(N15=Results!N5,1+IF(OR($O15=13,$P15=13,$Q15=13),1,0),0)) -> 1 | AF15: =SUM(S15:AE15) -> 13 | AG15: =IF(OR($R15="",Results!O5=""),"",ABS($R15-Results!O5)) -> 0 | AH15: 5 | AI15: =IF(OR(B15="",Results!B5=""),"",IF(AND(B15=Results!B5,Results!B5<>Games!$C$5),1,0)) -> 0 | AJ15: =IF(OR(C15="",Results!C5=""),"",IF(AND(C15=Results!C5,Results!C5<>Games!$C$6),1,0)) -> 0 | AK15: =IF(OR(D15="",Results!D5=""),"",IF(AND(D15=Results!D5,Results!D5<>Games!$C$7),1,0)) -> 0 | AL15: =IF(OR(E15="",Results!E5=""),"",IF(AND(E15=Results!E5,Results!E5<>Games!$C$8),1,0)) -> 0 | AM15: =IF(OR(F15="",Results!F5=""),"",IF(AND(F15=Results!F5,Results!F5<>Games!$C$9),1,0)) -> 0 | AN15: =IF(OR(G15="",Results!G5=""),"",IF(AND(G15=Results!G5,Results!G5<>Games!$C$10),1,0)) -> 0 | AO15: =IF(OR(H15="",Results!H5=""),"",IF(AND(H15=Results!H5,Results!H5<>Games!$C$11),1,0)) -> 0 | AP15: =IF(OR(I15="",Results!I5=""),"",IF(AND(I15=Results!I5,Results!I5<>Games!$C$12),1,0)) -> 0 | AQ15: =IF(OR(J15="",Results!J5=""),"",IF(AND(J15=Results!J5,Results!J5<>Games!$C$13),1,0)) -> 0 | AR15: =IF(OR(K15="",Results!K5=""),"",IF(AND(K15=Results!K5,Results!K5<>Games!$C$14),1,0)) -> 0 | AS15: =IF(OR(L15="",Results!L5=""),"",IF(AND(L15=Results!L5,Results!L5<>Games!$C$15),1,0)) -> 0 | AT15: =IF(OR(M15="",Results!M5=""),"",IF(AND(M15=Results!M5,Results!M5<>Games!$C$16),1,0)) -> 0 | AU15: =IF(OR(N15="",Results!N5=""),"",IF(AND(N15=Results!N5,Results!N5<>Games!$C$17),1,0)) -> 0 | AV15: =SUM(AI15:AU15) -> 0
A16: =INDEX(Players!$D$6:$D$69,MATCH(8,Players!$A$6:$A$69,0)) -> Dave H. | B16: Georgia Tech | C16: San Jose State | D16: James Madison | E16: Cincinnati | F16: Duke | G16: Auburn | H16: Wyoming | I16: LSU | J16: UNLV | K16: UCLA | L16: Western Kentucky | M16: Ole Miss | N16: Florida State | O16: 1 | P16: 8 | Q16: 9 | R16: 66 | S16: =IF(OR(B16="",Results!B5=""),"",IF(B16=Results!B5,1+IF(OR($O16=1,$P16=1,$Q16=1),1,0),0)) -> 0 | T16: =IF(OR(C16="",Results!C5=""),"",IF(C16=Results!C5,1+IF(OR($O16=2,$P16=2,$Q16=2),1,0),0)) -> 1 | U16: =IF(OR(D16="",Results!D5=""),"",IF(D16=Results!D5,1+IF(OR($O16=3,$P16=3,$Q16=3),1,0),0)) -> 1 | V16: =IF(OR(E16="",Results!E5=""),"",IF(E16=Results!E5,1+IF(OR($O16=4,$P16=4,$Q16=4),1,0),0)) -> 1 | W16: =IF(OR(F16="",Results!F5=""),"",IF(F16=Results!F5,1+IF(OR($O16=5,$P16=5,$Q16=5),1,0),0)) -> 1 | X16: =IF(OR(G16="",Results!G5=""),"",IF(G16=Results!G5,1+IF(OR($O16=6,$P16=6,$Q16=6),1,0),0)) -> 1 | Y16: =IF(OR(H16="",Results!H5=""),"",IF(H16=Results!H5,1+IF(OR($O16=7,$P16=7,$Q16=7),1,0),0)) -> 0 | Z16: =IF(OR(I16="",Results!I5=""),"",IF(I16=Results!I5,1+IF(OR($O16=8,$P16=8,$Q16=8),1,0),0)) -> 2 | AA16: =IF(OR(J16="",Results!J5=""),"",IF(J16=Results!J5,1+IF(OR($O16=9,$P16=9,$Q16=9),1,0),0)) -> 2 | AB16: =IF(OR(K16="",Results!K5=""),"",IF(K16=Results!K5,1+IF(OR($O16=10,$P16=10,$Q16=10),1,0),0)) -> 1 | AC16: =IF(OR(L16="",Results!L5=""),"",IF(L16=Results!L5,1+IF(OR($O16=11,$P16=11,$Q16=11),1,0),0)) -> 0 | AD16: =IF(OR(M16="",Results!M5=""),"",IF(M16=Results!M5,1+IF(OR($O16=12,$P16=12,$Q16=12),1,0),0)) -> 1 | AE16: =IF(OR(N16="",Results!N5=""),"",IF(N16=Results!N5,1+IF(OR($O16=13,$P16=13,$Q16=13),1,0),0)) -> 0 | AF16: =SUM(S16:AE16) -> 11 | AG16: =IF(OR($R16="",Results!O5=""),"",ABS($R16-Results!O5)) -> 15 | AH16: 8 | AI16: =IF(OR(B16="",Results!B5=""),"",IF(AND(B16=Results!B5,Results!B5<>Games!$C$5),1,0)) -> 0 | AJ16: =IF(OR(C16="",Results!C5=""),"",IF(AND(C16=Results!C5,Results!C5<>Games!$C$6),1,0)) -> 1 | AK16: =IF(OR(D16="",Results!D5=""),"",IF(AND(D16=Results!D5,Results!D5<>Games!$C$7),1,0)) -> 0 | AL16: =IF(OR(E16="",Results!E5=""),"",IF(AND(E16=Results!E5,Results!E5<>Games!$C$8),1,0)) -> 0 | AM16: =IF(OR(F16="",Results!F5=""),"",IF(AND(F16=Results!F5,Results!F5<>Games!$C$9),1,0)) -> 0 | AN16: =IF(OR(G16="",Results!G5=""),"",IF(AND(G16=Results!G5,Results!G5<>Games!$C$10),1,0)) -> 0 | AO16: =IF(OR(H16="",Results!H5=""),"",IF(AND(H16=Results!H5,Results!H5<>Games!$C$11),1,0)) -> 0 | AP16: =IF(OR(I16="",Results!I5=""),"",IF(AND(I16=Results!I5,Results!I5<>Games!$C$12),1,0)) -> 0 | AQ16: =IF(OR(J16="",Results!J5=""),"",IF(AND(J16=Results!J5,Results!J5<>Games!$C$13),1,0)) -> 0 | AR16: =IF(OR(K16="",Results!K5=""),"",IF(AND(K16=Results!K5,Results!K5<>Games!$C$14),1,0)) -> 0 | AS16: =IF(OR(L16="",Results!L5=""),"",IF(AND(L16=Results!L5,Results!L5<>Games!$C$15),1,0)) -> 0 | AT16: =IF(OR(M16="",Results!M5=""),"",IF(AND(M16=Results!M5,Results!M5<>Games!$C$16),1,0)) -> 0 | AU16: =IF(OR(N16="",Results!N5=""),"",IF(AND(N16=Results!N5,Results!N5<>Games!$C$17),1,0)) -> 0 | AV16: =SUM(AI16:AU16) -> 1
A17: =INDEX(Players!$D$6:$D$69,MATCH(7,Players!$A$6:$A$69,0)) -> David Y. | B17: Georgia Tech | C17: Eastern Michigan | D17: James Madison | E17: Cincinnati | F17: Duke | G17: Auburn | H17: Colorado State | I17: LSU | J17: UNLV | K17: UCLA | L17: Western Kentucky | M17: Ole Miss | N17: SMU | O17: 4 | P17: 8 | Q17: 12 | R17: 58 | S17: =IF(OR(B17="",Results!B5=""),"",IF(B17=Results!B5,1+IF(OR($O17=1,$P17=1,$Q17=1),1,0),0)) -> 0 | T17: =IF(OR(C17="",Results!C5=""),"",IF(C17=Results!C5,1+IF(OR($O17=2,$P17=2,$Q17=2),1,0),0)) -> 0 | U17: =IF(OR(D17="",Results!D5=""),"",IF(D17=Results!D5,1+IF(OR($O17=3,$P17=3,$Q17=3),1,0),0)) -> 1 | V17: =IF(OR(E17="",Results!E5=""),"",IF(E17=Results!E5,1+IF(OR($O17=4,$P17=4,$Q17=4),1,0),0)) -> 2 | W17: =IF(OR(F17="",Results!F5=""),"",IF(F17=Results!F5,1+IF(OR($O17=5,$P17=5,$Q17=5),1,0),0)) -> 1 | X17: =IF(OR(G17="",Results!G5=""),"",IF(G17=Results!G5,1+IF(OR($O17=6,$P17=6,$Q17=6),1,0),0)) -> 1 | Y17: =IF(OR(H17="",Results!H5=""),"",IF(H17=Results!H5,1+IF(OR($O17=7,$P17=7,$Q17=7),1,0),0)) -> 1 | Z17: =IF(OR(I17="",Results!I5=""),"",IF(I17=Results!I5,1+IF(OR($O17=8,$P17=8,$Q17=8),1,0),0)) -> 2 | AA17: =IF(OR(J17="",Results!J5=""),"",IF(J17=Results!J5,1+IF(OR($O17=9,$P17=9,$Q17=9),1,0),0)) -> 1 | AB17: =IF(OR(K17="",Results!K5=""),"",IF(K17=Results!K5,1+IF(OR($O17=10,$P17=10,$Q17=10),1,0),0)) -> 1 | AC17: =IF(OR(L17="",Results!L5=""),"",IF(L17=Results!L5,1+IF(OR($O17=11,$P17=11,$Q17=11),1,0),0)) -> 0 | AD17: =IF(OR(M17="",Results!M5=""),"",IF(M17=Results!M5,1+IF(OR($O17=12,$P17=12,$Q17=12),1,0),0)) -> 2 | AE17: =IF(OR(N17="",Results!N5=""),"",IF(N17=Results!N5,1+IF(OR($O17=13,$P17=13,$Q17=13),1,0),0)) -> 1 | AF17: =SUM(S17:AE17) -> 13 | AG17: =IF(OR($R17="",Results!O5=""),"",ABS($R17-Results!O5)) -> 7 | AH17: 7 | AI17: =IF(OR(B17="",Results!B5=""),"",IF(AND(B17=Results!B5,Results!B5<>Games!$C$5),1,0)) -> 0 | AJ17: =IF(OR(C17="",Results!C5=""),"",IF(AND(C17=Results!C5,Results!C5<>Games!$C$6),1,0)) -> 0 | AK17: =IF(OR(D17="",Results!D5=""),"",IF(AND(D17=Results!D5,Results!D5<>Games!$C$7),1,0)) -> 0 | AL17: =IF(OR(E17="",Results!E5=""),"",IF(AND(E17=Results!E5,Results!E5<>Games!$C$8),1,0)) -> 0 | AM17: =IF(OR(F17="",Results!F5=""),"",IF(AND(F17=Results!F5,Results!F5<>Games!$C$9),1,0)) -> 0 | AN17: =IF(OR(G17="",Results!G5=""),"",IF(AND(G17=Results!G5,Results!G5<>Games!$C$10),1,0)) -> 0 | AO17: =IF(OR(H17="",Results!H5=""),"",IF(AND(H17=Results!H5,Results!H5<>Games!$C$11),1,0)) -> 0 | AP17: =IF(OR(I17="",Results!I5=""),"",IF(AND(I17=Results!I5,Results!I5<>Games!$C$12),1,0)) -> 0 | AQ17: =IF(OR(J17="",Results!J5=""),"",IF(AND(J17=Results!J5,Results!J5<>Games!$C$13),1,0)) -> 0 | AR17: =IF(OR(K17="",Results!K5=""),"",IF(AND(K17=Results!K5,Results!K5<>Games!$C$14),1,0)) -> 0 | AS17: =IF(OR(L17="",Results!L5=""),"",IF(AND(L17=Results!L5,Results!L5<>Games!$C$15),1,0)) -> 0 | AT17: =IF(OR(M17="",Results!M5=""),"",IF(AND(M17=Results!M5,Results!M5<>Games!$C$16),1,0)) -> 0 | AU17: =IF(OR(N17="",Results!N5=""),"",IF(AND(N17=Results!N5,Results!N5<>Games!$C$17),1,0)) -> 0 | AV17: =SUM(AI17:AU17) -> 0
A18: =INDEX(Players!$D$6:$D$69,MATCH(37,Players!$A$6:$A$69,0)) -> Dino C. | B18: Georgia Tech | C18: Eastern Michigan | D18: James Madison | E18: Boston College | F18: Duke | G18: Auburn | H18: Colorado State | I18: Clemson | J18: Hawai'i | K18: UCLA | L18: Western Kentucky | M18: Ole Miss | N18: Florida State | O18: 4 | P18: 5 | Q18: 12 | R18: 47 | S18: =IF(OR(B18="",Results!B5=""),"",IF(B18=Results!B5,1+IF(OR($O18=1,$P18=1,$Q18=1),1,0),0)) -> 0 | T18: =IF(OR(C18="",Results!C5=""),"",IF(C18=Results!C5,1+IF(OR($O18=2,$P18=2,$Q18=2),1,0),0)) -> 0 | U18: =IF(OR(D18="",Results!D5=""),"",IF(D18=Results!D5,1+IF(OR($O18=3,$P18=3,$Q18=3),1,0),0)) -> 1 | V18: =IF(OR(E18="",Results!E5=""),"",IF(E18=Results!E5,1+IF(OR($O18=4,$P18=4,$Q18=4),1,0),0)) -> 0 | W18: =IF(OR(F18="",Results!F5=""),"",IF(F18=Results!F5,1+IF(OR($O18=5,$P18=5,$Q18=5),1,0),0)) -> 2 | X18: =IF(OR(G18="",Results!G5=""),"",IF(G18=Results!G5,1+IF(OR($O18=6,$P18=6,$Q18=6),1,0),0)) -> 1 | Y18: =IF(OR(H18="",Results!H5=""),"",IF(H18=Results!H5,1+IF(OR($O18=7,$P18=7,$Q18=7),1,0),0)) -> 1 | Z18: =IF(OR(I18="",Results!I5=""),"",IF(I18=Results!I5,1+IF(OR($O18=8,$P18=8,$Q18=8),1,0),0)) -> 0 | AA18: =IF(OR(J18="",Results!J5=""),"",IF(J18=Results!J5,1+IF(OR($O18=9,$P18=9,$Q18=9),1,0),0)) -> 0 | AB18: =IF(OR(K18="",Results!K5=""),"",IF(K18=Results!K5,1+IF(OR($O18=10,$P18=10,$Q18=10),1,0),0)) -> 1 | AC18: =IF(OR(L18="",Results!L5=""),"",IF(L18=Results!L5,1+IF(OR($O18=11,$P18=11,$Q18=11),1,0),0)) -> 0 | AD18: =IF(OR(M18="",Results!M5=""),"",IF(M18=Results!M5,1+IF(OR($O18=12,$P18=12,$Q18=12),1,0),0)) -> 2 | AE18: =IF(OR(N18="",Results!N5=""),"",IF(N18=Results!N5,1+IF(OR($O18=13,$P18=13,$Q18=13),1,0),0)) -> 0 | AF18: =SUM(S18:AE18) -> 8 | AG18: =IF(OR($R18="",Results!O5=""),"",ABS($R18-Results!O5)) -> 4 | AH18: 37 | AI18: =IF(OR(B18="",Results!B5=""),"",IF(AND(B18=Results!B5,Results!B5<>Games!$C$5),1,0)) -> 0 | AJ18: =IF(OR(C18="",Results!C5=""),"",IF(AND(C18=Results!C5,Results!C5<>Games!$C$6),1,0)) -> 0 | AK18: =IF(OR(D18="",Results!D5=""),"",IF(AND(D18=Results!D5,Results!D5<>Games!$C$7),1,0)) -> 0 | AL18: =IF(OR(E18="",Results!E5=""),"",IF(AND(E18=Results!E5,Results!E5<>Games!$C$8),1,0)) -> 0 | AM18: =IF(OR(F18="",Results!F5=""),"",IF(AND(F18=Results!F5,Results!F5<>Games!$C$9),1,0)) -> 0 | AN18: =IF(OR(G18="",Results!G5=""),"",IF(AND(G18=Results!G5,Results!G5<>Games!$C$10),1,0)) -> 0 | AO18: =IF(OR(H18="",Results!H5=""),"",IF(AND(H18=Results!H5,Results!H5<>Games!$C$11),1,0)) -> 0 | AP18: =IF(OR(I18="",Results!I5=""),"",IF(AND(I18=Results!I5,Results!I5<>Games!$C$12),1,0)) -> 0 | AQ18: =IF(OR(J18="",Results!J5=""),"",IF(AND(J18=Results!J5,Results!J5<>Games!$C$13),1,0)) -> 0 | AR18: =IF(OR(K18="",Results!K5=""),"",IF(AND(K18=Results!K5,Results!K5<>Games!$C$14),1,0)) -> 0 | AS18: =IF(OR(L18="",Results!L5=""),"",IF(AND(L18=Results!L5,Results!L5<>Games!$C$15),1,0)) -> 0 | AT18: =IF(OR(M18="",Results!M5=""),"",IF(AND(M18=Results!M5,Results!M5<>Games!$C$16),1,0)) -> 0 | AU18: =IF(OR(N18="",Results!N5=""),"",IF(AND(N18=Results!N5,Results!N5<>Games!$C$17),1,0)) -> 0 | AV18: =SUM(AI18:AU18) -> 0
A19: =INDEX(Players!$D$6:$D$69,MATCH(26,Players!$A$6:$A$69,0)) -> Dona B. | B19: Georgia Tech | C19: Eastern Michigan | D19: James Madison | E19: Cincinnati | F19: Duke | G19: Auburn | H19: Colorado State | I19: LSU | J19: Hawai'i | K19: UCLA | L19: Western Kentucky | M19: Ole Miss | N19: SMU | O19: 4 | P19: 5 | Q19: 8 | R19: 56 | S19: =IF(OR(B19="",Results!B5=""),"",IF(B19=Results!B5,1+IF(OR($O19=1,$P19=1,$Q19=1),1,0),0)) -> 0 | T19: =IF(OR(C19="",Results!C5=""),"",IF(C19=Results!C5,1+IF(OR($O19=2,$P19=2,$Q19=2),1,0),0)) -> 0 | U19: =IF(OR(D19="",Results!D5=""),"",IF(D19=Results!D5,1+IF(OR($O19=3,$P19=3,$Q19=3),1,0),0)) -> 1 | V19: =IF(OR(E19="",Results!E5=""),"",IF(E19=Results!E5,1+IF(OR($O19=4,$P19=4,$Q19=4),1,0),0)) -> 2 | W19: =IF(OR(F19="",Results!F5=""),"",IF(F19=Results!F5,1+IF(OR($O19=5,$P19=5,$Q19=5),1,0),0)) -> 2 | X19: =IF(OR(G19="",Results!G5=""),"",IF(G19=Results!G5,1+IF(OR($O19=6,$P19=6,$Q19=6),1,0),0)) -> 1 | Y19: =IF(OR(H19="",Results!H5=""),"",IF(H19=Results!H5,1+IF(OR($O19=7,$P19=7,$Q19=7),1,0),0)) -> 1 | Z19: =IF(OR(I19="",Results!I5=""),"",IF(I19=Results!I5,1+IF(OR($O19=8,$P19=8,$Q19=8),1,0),0)) -> 2 | AA19: =IF(OR(J19="",Results!J5=""),"",IF(J19=Results!J5,1+IF(OR($O19=9,$P19=9,$Q19=9),1,0),0)) -> 0 | AB19: =IF(OR(K19="",Results!K5=""),"",IF(K19=Results!K5,1+IF(OR($O19=10,$P19=10,$Q19=10),1,0),0)) -> 1 | AC19: =IF(OR(L19="",Results!L5=""),"",IF(L19=Results!L5,1+IF(OR($O19=11,$P19=11,$Q19=11),1,0),0)) -> 0 | AD19: =IF(OR(M19="",Results!M5=""),"",IF(M19=Results!M5,1+IF(OR($O19=12,$P19=12,$Q19=12),1,0),0)) -> 1 | AE19: =IF(OR(N19="",Results!N5=""),"",IF(N19=Results!N5,1+IF(OR($O19=13,$P19=13,$Q19=13),1,0),0)) -> 1 | AF19: =SUM(S19:AE19) -> 12 | AG19: =IF(OR($R19="",Results!O5=""),"",ABS($R19-Results!O5)) -> 5 | AH19: 26 | AI19: =IF(OR(B19="",Results!B5=""),"",IF(AND(B19=Results!B5,Results!B5<>Games!$C$5),1,0)) -> 0 | AJ19: =IF(OR(C19="",Results!C5=""),"",IF(AND(C19=Results!C5,Results!C5<>Games!$C$6),1,0)) -> 0 | AK19: =IF(OR(D19="",Results!D5=""),"",IF(AND(D19=Results!D5,Results!D5<>Games!$C$7),1,0)) -> 0 | AL19: =IF(OR(E19="",Results!E5=""),"",IF(AND(E19=Results!E5,Results!E5<>Games!$C$8),1,0)) -> 0 | AM19: =IF(OR(F19="",Results!F5=""),"",IF(AND(F19=Results!F5,Results!F5<>Games!$C$9),1,0)) -> 0 | AN19: =IF(OR(G19="",Results!G5=""),"",IF(AND(G19=Results!G5,Results!G5<>Games!$C$10),1,0)) -> 0 | AO19: =IF(OR(H19="",Results!H5=""),"",IF(AND(H19=Results!H5,Results!H5<>Games!$C$11),1,0)) -> 0 | AP19: =IF(OR(I19="",Results!I5=""),"",IF(AND(I19=Results!I5,Results!I5<>Games!$C$12),1,0)) -> 0 | AQ19: =IF(OR(J19="",Results!J5=""),"",IF(AND(J19=Results!J5,Results!J5<>Games!$C$13),1,0)) -> 0 | AR19: =IF(OR(K19="",Results!K5=""),"",IF(AND(K19=Results!K5,Results!K5<>Games!$C$14),1,0)) -> 0 | AS19: =IF(OR(L19="",Results!L5=""),"",IF(AND(L19=Results!L5,Results!L5<>Games!$C$15),1,0)) -> 0 | AT19: =IF(OR(M19="",Results!M5=""),"",IF(AND(M19=Results!M5,Results!M5<>Games!$C$16),1,0)) -> 0 | AU19: =IF(OR(N19="",Results!N5=""),"",IF(AND(N19=Results!N5,Results!N5<>Games!$C$17),1,0)) -> 0 | AV19: =SUM(AI19:AU19) -> 0
A20: =INDEX(Players!$D$6:$D$69,MATCH(52,Players!$A$6:$A$69,0)) -> Dylan G. | B20: Georgia Tech | C20: San Jose State | D20: James Madison | E20: Cincinnati | F20: Duke | G20: Auburn | H20: Colorado State | I20: LSU | J20: UNLV | K20: UCLA | L20: Nevada | M20: Ole Miss | N20: SMU | O20: 1 | P20: 4 | Q20: 8 | R20: 48 | S20: =IF(OR(B20="",Results!B5=""),"",IF(B20=Results!B5,1+IF(OR($O20=1,$P20=1,$Q20=1),1,0),0)) -> 0 | T20: =IF(OR(C20="",Results!C5=""),"",IF(C20=Results!C5,1+IF(OR($O20=2,$P20=2,$Q20=2),1,0),0)) -> 1 | U20: =IF(OR(D20="",Results!D5=""),"",IF(D20=Results!D5,1+IF(OR($O20=3,$P20=3,$Q20=3),1,0),0)) -> 1 | V20: =IF(OR(E20="",Results!E5=""),"",IF(E20=Results!E5,1+IF(OR($O20=4,$P20=4,$Q20=4),1,0),0)) -> 2 | W20: =IF(OR(F20="",Results!F5=""),"",IF(F20=Results!F5,1+IF(OR($O20=5,$P20=5,$Q20=5),1,0),0)) -> 1 | X20: =IF(OR(G20="",Results!G5=""),"",IF(G20=Results!G5,1+IF(OR($O20=6,$P20=6,$Q20=6),1,0),0)) -> 1 | Y20: =IF(OR(H20="",Results!H5=""),"",IF(H20=Results!H5,1+IF(OR($O20=7,$P20=7,$Q20=7),1,0),0)) -> 1 | Z20: =IF(OR(I20="",Results!I5=""),"",IF(I20=Results!I5,1+IF(OR($O20=8,$P20=8,$Q20=8),1,0),0)) -> 2 | AA20: =IF(OR(J20="",Results!J5=""),"",IF(J20=Results!J5,1+IF(OR($O20=9,$P20=9,$Q20=9),1,0),0)) -> 1 | AB20: =IF(OR(K20="",Results!K5=""),"",IF(K20=Results!K5,1+IF(OR($O20=10,$P20=10,$Q20=10),1,0),0)) -> 1 | AC20: =IF(OR(L20="",Results!L5=""),"",IF(L20=Results!L5,1+IF(OR($O20=11,$P20=11,$Q20=11),1,0),0)) -> 1 | AD20: =IF(OR(M20="",Results!M5=""),"",IF(M20=Results!M5,1+IF(OR($O20=12,$P20=12,$Q20=12),1,0),0)) -> 1 | AE20: =IF(OR(N20="",Results!N5=""),"",IF(N20=Results!N5,1+IF(OR($O20=13,$P20=13,$Q20=13),1,0),0)) -> 1 | AF20: =SUM(S20:AE20) -> 14 | AG20: =IF(OR($R20="",Results!O5=""),"",ABS($R20-Results!O5)) -> 3 | AH20: 52 | AI20: =IF(OR(B20="",Results!B5=""),"",IF(AND(B20=Results!B5,Results!B5<>Games!$C$5),1,0)) -> 0 | AJ20: =IF(OR(C20="",Results!C5=""),"",IF(AND(C20=Results!C5,Results!C5<>Games!$C$6),1,0)) -> 1 | AK20: =IF(OR(D20="",Results!D5=""),"",IF(AND(D20=Results!D5,Results!D5<>Games!$C$7),1,0)) -> 0 | AL20: =IF(OR(E20="",Results!E5=""),"",IF(AND(E20=Results!E5,Results!E5<>Games!$C$8),1,0)) -> 0 | AM20: =IF(OR(F20="",Results!F5=""),"",IF(AND(F20=Results!F5,Results!F5<>Games!$C$9),1,0)) -> 0 | AN20: =IF(OR(G20="",Results!G5=""),"",IF(AND(G20=Results!G5,Results!G5<>Games!$C$10),1,0)) -> 0 | AO20: =IF(OR(H20="",Results!H5=""),"",IF(AND(H20=Results!H5,Results!H5<>Games!$C$11),1,0)) -> 0 | AP20: =IF(OR(I20="",Results!I5=""),"",IF(AND(I20=Results!I5,Results!I5<>Games!$C$12),1,0)) -> 0 | AQ20: =IF(OR(J20="",Results!J5=""),"",IF(AND(J20=Results!J5,Results!J5<>Games!$C$13),1,0)) -> 0 | AR20: =IF(OR(K20="",Results!K5=""),"",IF(AND(K20=Results!K5,Results!K5<>Games!$C$14),1,0)) -> 0 | AS20: =IF(OR(L20="",Results!L5=""),"",IF(AND(L20=Results!L5,Results!L5<>Games!$C$15),1,0)) -> 1 | AT20: =IF(OR(M20="",Results!M5=""),"",IF(AND(M20=Results!M5,Results!M5<>Games!$C$16),1,0)) -> 0 | AU20: =IF(OR(N20="",Results!N5=""),"",IF(AND(N20=Results!N5,Results!N5<>Games!$C$17),1,0)) -> 0 | AV20: =SUM(AI20:AU20) -> 2
A21: =INDEX(Players!$D$6:$D$69,MATCH(9,Players!$A$6:$A$69,0)) -> Evan H. | B21: Georgia Tech | C21: San Jose State | D21: James Madison | E21: Cincinnati | F21: Duke | G21: Auburn | H21: Colorado State | I21: LSU | J21: Hawai'i | K21: UCLA | L21: Western Kentucky | M21: Louisville | N21: SMU | O21: 1 | P21: 5 | Q21: 10 | R21: 42 | S21: =IF(OR(B21="",Results!B5=""),"",IF(B21=Results!B5,1+IF(OR($O21=1,$P21=1,$Q21=1),1,0),0)) -> 0 | T21: =IF(OR(C21="",Results!C5=""),"",IF(C21=Results!C5,1+IF(OR($O21=2,$P21=2,$Q21=2),1,0),0)) -> 1 | U21: =IF(OR(D21="",Results!D5=""),"",IF(D21=Results!D5,1+IF(OR($O21=3,$P21=3,$Q21=3),1,0),0)) -> 1 | V21: =IF(OR(E21="",Results!E5=""),"",IF(E21=Results!E5,1+IF(OR($O21=4,$P21=4,$Q21=4),1,0),0)) -> 1 | W21: =IF(OR(F21="",Results!F5=""),"",IF(F21=Results!F5,1+IF(OR($O21=5,$P21=5,$Q21=5),1,0),0)) -> 2 | X21: =IF(OR(G21="",Results!G5=""),"",IF(G21=Results!G5,1+IF(OR($O21=6,$P21=6,$Q21=6),1,0),0)) -> 1 | Y21: =IF(OR(H21="",Results!H5=""),"",IF(H21=Results!H5,1+IF(OR($O21=7,$P21=7,$Q21=7),1,0),0)) -> 1 | Z21: =IF(OR(I21="",Results!I5=""),"",IF(I21=Results!I5,1+IF(OR($O21=8,$P21=8,$Q21=8),1,0),0)) -> 1 | AA21: =IF(OR(J21="",Results!J5=""),"",IF(J21=Results!J5,1+IF(OR($O21=9,$P21=9,$Q21=9),1,0),0)) -> 0 | AB21: =IF(OR(K21="",Results!K5=""),"",IF(K21=Results!K5,1+IF(OR($O21=10,$P21=10,$Q21=10),1,0),0)) -> 2 | AC21: =IF(OR(L21="",Results!L5=""),"",IF(L21=Results!L5,1+IF(OR($O21=11,$P21=11,$Q21=11),1,0),0)) -> 0 | AD21: =IF(OR(M21="",Results!M5=""),"",IF(M21=Results!M5,1+IF(OR($O21=12,$P21=12,$Q21=12),1,0),0)) -> 0 | AE21: =IF(OR(N21="",Results!N5=""),"",IF(N21=Results!N5,1+IF(OR($O21=13,$P21=13,$Q21=13),1,0),0)) -> 1 | AF21: =SUM(S21:AE21) -> 11 | AG21: =IF(OR($R21="",Results!O5=""),"",ABS($R21-Results!O5)) -> 9 | AH21: 9 | AI21: =IF(OR(B21="",Results!B5=""),"",IF(AND(B21=Results!B5,Results!B5<>Games!$C$5),1,0)) -> 0 | AJ21: =IF(OR(C21="",Results!C5=""),"",IF(AND(C21=Results!C5,Results!C5<>Games!$C$6),1,0)) -> 1 | AK21: =IF(OR(D21="",Results!D5=""),"",IF(AND(D21=Results!D5,Results!D5<>Games!$C$7),1,0)) -> 0 | AL21: =IF(OR(E21="",Results!E5=""),"",IF(AND(E21=Results!E5,Results!E5<>Games!$C$8),1,0)) -> 0 | AM21: =IF(OR(F21="",Results!F5=""),"",IF(AND(F21=Results!F5,Results!F5<>Games!$C$9),1,0)) -> 0 | AN21: =IF(OR(G21="",Results!G5=""),"",IF(AND(G21=Results!G5,Results!G5<>Games!$C$10),1,0)) -> 0 | AO21: =IF(OR(H21="",Results!H5=""),"",IF(AND(H21=Results!H5,Results!H5<>Games!$C$11),1,0)) -> 0 | AP21: =IF(OR(I21="",Results!I5=""),"",IF(AND(I21=Results!I5,Results!I5<>Games!$C$12),1,0)) -> 0 | AQ21: =IF(OR(J21="",Results!J5=""),"",IF(AND(J21=Results!J5,Results!J5<>Games!$C$13),1,0)) -> 0 | AR21: =IF(OR(K21="",Results!K5=""),"",IF(AND(K21=Results!K5,Results!K5<>Games!$C$14),1,0)) -> 0 | AS21: =IF(OR(L21="",Results!L5=""),"",IF(AND(L21=Results!L5,Results!L5<>Games!$C$15),1,0)) -> 0 | AT21: =IF(OR(M21="",Results!M5=""),"",IF(AND(M21=Results!M5,Results!M5<>Games!$C$16),1,0)) -> 0 | AU21: =IF(OR(N21="",Results!N5=""),"",IF(AND(N21=Results!N5,Results!N5<>Games!$C$17),1,0)) -> 0 | AV21: =SUM(AI21:AU21) -> 1
A22: =INDEX(Players!$D$6:$D$69,MATCH(10,Players!$A$6:$A$69,0)) -> Gene P. | B22: Georgia Tech | C22: Eastern Michigan | D22: James Madison | E22: Cincinnati | F22: Duke | G22: Auburn | H22: Colorado State | I22: LSU | J22: UNLV | K22: UCLA | L22: Western Kentucky | M22: Ole Miss | N22: SMU | O22: 5 | P22: 6 | Q22: 8 | R22: 53 | S22: =IF(OR(B22="",Results!B5=""),"",IF(B22=Results!B5,1+IF(OR($O22=1,$P22=1,$Q22=1),1,0),0)) -> 0 | T22: =IF(OR(C22="",Results!C5=""),"",IF(C22=Results!C5,1+IF(OR($O22=2,$P22=2,$Q22=2),1,0),0)) -> 0 | U22: =IF(OR(D22="",Results!D5=""),"",IF(D22=Results!D5,1+IF(OR($O22=3,$P22=3,$Q22=3),1,0),0)) -> 1 | V22: =IF(OR(E22="",Results!E5=""),"",IF(E22=Results!E5,1+IF(OR($O22=4,$P22=4,$Q22=4),1,0),0)) -> 1 | W22: =IF(OR(F22="",Results!F5=""),"",IF(F22=Results!F5,1+IF(OR($O22=5,$P22=5,$Q22=5),1,0),0)) -> 2 | X22: =IF(OR(G22="",Results!G5=""),"",IF(G22=Results!G5,1+IF(OR($O22=6,$P22=6,$Q22=6),1,0),0)) -> 2 | Y22: =IF(OR(H22="",Results!H5=""),"",IF(H22=Results!H5,1+IF(OR($O22=7,$P22=7,$Q22=7),1,0),0)) -> 1 | Z22: =IF(OR(I22="",Results!I5=""),"",IF(I22=Results!I5,1+IF(OR($O22=8,$P22=8,$Q22=8),1,0),0)) -> 2 | AA22: =IF(OR(J22="",Results!J5=""),"",IF(J22=Results!J5,1+IF(OR($O22=9,$P22=9,$Q22=9),1,0),0)) -> 1 | AB22: =IF(OR(K22="",Results!K5=""),"",IF(K22=Results!K5,1+IF(OR($O22=10,$P22=10,$Q22=10),1,0),0)) -> 1 | AC22: =IF(OR(L22="",Results!L5=""),"",IF(L22=Results!L5,1+IF(OR($O22=11,$P22=11,$Q22=11),1,0),0)) -> 0 | AD22: =IF(OR(M22="",Results!M5=""),"",IF(M22=Results!M5,1+IF(OR($O22=12,$P22=12,$Q22=12),1,0),0)) -> 1 | AE22: =IF(OR(N22="",Results!N5=""),"",IF(N22=Results!N5,1+IF(OR($O22=13,$P22=13,$Q22=13),1,0),0)) -> 1 | AF22: =SUM(S22:AE22) -> 13 | AG22: =IF(OR($R22="",Results!O5=""),"",ABS($R22-Results!O5)) -> 2 | AH22: 10 | AI22: =IF(OR(B22="",Results!B5=""),"",IF(AND(B22=Results!B5,Results!B5<>Games!$C$5),1,0)) -> 0 | AJ22: =IF(OR(C22="",Results!C5=""),"",IF(AND(C22=Results!C5,Results!C5<>Games!$C$6),1,0)) -> 0 | AK22: =IF(OR(D22="",Results!D5=""),"",IF(AND(D22=Results!D5,Results!D5<>Games!$C$7),1,0)) -> 0 | AL22: =IF(OR(E22="",Results!E5=""),"",IF(AND(E22=Results!E5,Results!E5<>Games!$C$8),1,0)) -> 0 | AM22: =IF(OR(F22="",Results!F5=""),"",IF(AND(F22=Results!F5,Results!F5<>Games!$C$9),1,0)) -> 0 | AN22: =IF(OR(G22="",Results!G5=""),"",IF(AND(G22=Results!G5,Results!G5<>Games!$C$10),1,0)) -> 0 | AO22: =IF(OR(H22="",Results!H5=""),"",IF(AND(H22=Results!H5,Results!H5<>Games!$C$11),1,0)) -> 0 | AP22: =IF(OR(I22="",Results!I5=""),"",IF(AND(I22=Results!I5,Results!I5<>Games!$C$12),1,0)) -> 0 | AQ22: =IF(OR(J22="",Results!J5=""),"",IF(AND(J22=Results!J5,Results!J5<>Games!$C$13),1,0)) -> 0 | AR22: =IF(OR(K22="",Results!K5=""),"",IF(AND(K22=Results!K5,Results!K5<>Games!$C$14),1,0)) -> 0 | AS22: =IF(OR(L22="",Results!L5=""),"",IF(AND(L22=Results!L5,Results!L5<>Games!$C$15),1,0)) -> 0 | AT22: =IF(OR(M22="",Results!M5=""),"",IF(AND(M22=Results!M5,Results!M5<>Games!$C$16),1,0)) -> 0 | AU22: =IF(OR(N22="",Results!N5=""),"",IF(AND(N22=Results!N5,Results!N5<>Games!$C$17),1,0)) -> 0 | AV22: =SUM(AI22:AU22) -> 0
A23: =INDEX(Players!$D$6:$D$69,MATCH(55,Players!$A$6:$A$69,0)) -> Greyson R. | B23: Georgia Tech | C23: San Jose State | D23: James Madison | E23: Cincinnati | F23: Duke | G23: Auburn | H23: Colorado State | I23: LSU | J23: UNLV | K23: California | L23: Western Kentucky | M23: Louisville | N23: SMU | O23: 5 | P23: 8 | Q23: 13 | R23: 58 | S23: =IF(OR(B23="",Results!B5=""),"",IF(B23=Results!B5,1+IF(OR($O23=1,$P23=1,$Q23=1),1,0),0)) -> 0 | T23: =IF(OR(C23="",Results!C5=""),"",IF(C23=Results!C5,1+IF(OR($O23=2,$P23=2,$Q23=2),1,0),0)) -> 1 | U23: =IF(OR(D23="",Results!D5=""),"",IF(D23=Results!D5,1+IF(OR($O23=3,$P23=3,$Q23=3),1,0),0)) -> 1 | V23: =IF(OR(E23="",Results!E5=""),"",IF(E23=Results!E5,1+IF(OR($O23=4,$P23=4,$Q23=4),1,0),0)) -> 1 | W23: =IF(OR(F23="",Results!F5=""),"",IF(F23=Results!F5,1+IF(OR($O23=5,$P23=5,$Q23=5),1,0),0)) -> 2 | X23: =IF(OR(G23="",Results!G5=""),"",IF(G23=Results!G5,1+IF(OR($O23=6,$P23=6,$Q23=6),1,0),0)) -> 1 | Y23: =IF(OR(H23="",Results!H5=""),"",IF(H23=Results!H5,1+IF(OR($O23=7,$P23=7,$Q23=7),1,0),0)) -> 1 | Z23: =IF(OR(I23="",Results!I5=""),"",IF(I23=Results!I5,1+IF(OR($O23=8,$P23=8,$Q23=8),1,0),0)) -> 2 | AA23: =IF(OR(J23="",Results!J5=""),"",IF(J23=Results!J5,1+IF(OR($O23=9,$P23=9,$Q23=9),1,0),0)) -> 1 | AB23: =IF(OR(K23="",Results!K5=""),"",IF(K23=Results!K5,1+IF(OR($O23=10,$P23=10,$Q23=10),1,0),0)) -> 0 | AC23: =IF(OR(L23="",Results!L5=""),"",IF(L23=Results!L5,1+IF(OR($O23=11,$P23=11,$Q23=11),1,0),0)) -> 0 | AD23: =IF(OR(M23="",Results!M5=""),"",IF(M23=Results!M5,1+IF(OR($O23=12,$P23=12,$Q23=12),1,0),0)) -> 0 | AE23: =IF(OR(N23="",Results!N5=""),"",IF(N23=Results!N5,1+IF(OR($O23=13,$P23=13,$Q23=13),1,0),0)) -> 2 | AF23: =SUM(S23:AE23) -> 12 | AG23: =IF(OR($R23="",Results!O5=""),"",ABS($R23-Results!O5)) -> 7 | AH23: 55 | AI23: =IF(OR(B23="",Results!B5=""),"",IF(AND(B23=Results!B5,Results!B5<>Games!$C$5),1,0)) -> 0 | AJ23: =IF(OR(C23="",Results!C5=""),"",IF(AND(C23=Results!C5,Results!C5<>Games!$C$6),1,0)) -> 1 | AK23: =IF(OR(D23="",Results!D5=""),"",IF(AND(D23=Results!D5,Results!D5<>Games!$C$7),1,0)) -> 0 | AL23: =IF(OR(E23="",Results!E5=""),"",IF(AND(E23=Results!E5,Results!E5<>Games!$C$8),1,0)) -> 0 | AM23: =IF(OR(F23="",Results!F5=""),"",IF(AND(F23=Results!F5,Results!F5<>Games!$C$9),1,0)) -> 0 | AN23: =IF(OR(G23="",Results!G5=""),"",IF(AND(G23=Results!G5,Results!G5<>Games!$C$10),1,0)) -> 0 | AO23: =IF(OR(H23="",Results!H5=""),"",IF(AND(H23=Results!H5,Results!H5<>Games!$C$11),1,0)) -> 0 | AP23: =IF(OR(I23="",Results!I5=""),"",IF(AND(I23=Results!I5,Results!I5<>Games!$C$12),1,0)) -> 0 | AQ23: =IF(OR(J23="",Results!J5=""),"",IF(AND(J23=Results!J5,Results!J5<>Games!$C$13),1,0)) -> 0 | AR23: =IF(OR(K23="",Results!K5=""),"",IF(AND(K23=Results!K5,Results!K5<>Games!$C$14),1,0)) -> 0 | AS23: =IF(OR(L23="",Results!L5=""),"",IF(AND(L23=Results!L5,Results!L5<>Games!$C$15),1,0)) -> 0 | AT23: =IF(OR(M23="",Results!M5=""),"",IF(AND(M23=Results!M5,Results!M5<>Games!$C$16),1,0)) -> 0 | AU23: =IF(OR(N23="",Results!N5=""),"",IF(AND(N23=Results!N5,Results!N5<>Games!$C$17),1,0)) -> 0 | AV23: =SUM(AI23:AU23) -> 1
A24: =INDEX(Players!$D$6:$D$69,MATCH(47,Players!$A$6:$A$69,0)) -> James M. | B24: Georgia Tech | C24: Eastern Michigan | D24: James Madison | E24: Cincinnati | F24: Duke | G24: Auburn | H24: Colorado State | I24: LSU | J24: UNLV | K24: California | L24: Western Kentucky | M24: Ole Miss | N24: SMU | O24: 5 | P24: 6 | Q24: 8 | R24: 55 | S24: =IF(OR(B24="",Results!B5=""),"",IF(B24=Results!B5,1+IF(OR($O24=1,$P24=1,$Q24=1),1,0),0)) -> 0 | T24: =IF(OR(C24="",Results!C5=""),"",IF(C24=Results!C5,1+IF(OR($O24=2,$P24=2,$Q24=2),1,0),0)) -> 0 | U24: =IF(OR(D24="",Results!D5=""),"",IF(D24=Results!D5,1+IF(OR($O24=3,$P24=3,$Q24=3),1,0),0)) -> 1 | V24: =IF(OR(E24="",Results!E5=""),"",IF(E24=Results!E5,1+IF(OR($O24=4,$P24=4,$Q24=4),1,0),0)) -> 1 | W24: =IF(OR(F24="",Results!F5=""),"",IF(F24=Results!F5,1+IF(OR($O24=5,$P24=5,$Q24=5),1,0),0)) -> 2 | X24: =IF(OR(G24="",Results!G5=""),"",IF(G24=Results!G5,1+IF(OR($O24=6,$P24=6,$Q24=6),1,0),0)) -> 2 | Y24: =IF(OR(H24="",Results!H5=""),"",IF(H24=Results!H5,1+IF(OR($O24=7,$P24=7,$Q24=7),1,0),0)) -> 1 | Z24: =IF(OR(I24="",Results!I5=""),"",IF(I24=Results!I5,1+IF(OR($O24=8,$P24=8,$Q24=8),1,0),0)) -> 2 | AA24: =IF(OR(J24="",Results!J5=""),"",IF(J24=Results!J5,1+IF(OR($O24=9,$P24=9,$Q24=9),1,0),0)) -> 1 | AB24: =IF(OR(K24="",Results!K5=""),"",IF(K24=Results!K5,1+IF(OR($O24=10,$P24=10,$Q24=10),1,0),0)) -> 0 | AC24: =IF(OR(L24="",Results!L5=""),"",IF(L24=Results!L5,1+IF(OR($O24=11,$P24=11,$Q24=11),1,0),0)) -> 0 | AD24: =IF(OR(M24="",Results!M5=""),"",IF(M24=Results!M5,1+IF(OR($O24=12,$P24=12,$Q24=12),1,0),0)) -> 1 | AE24: =IF(OR(N24="",Results!N5=""),"",IF(N24=Results!N5,1+IF(OR($O24=13,$P24=13,$Q24=13),1,0),0)) -> 1 | AF24: =SUM(S24:AE24) -> 12 | AG24: =IF(OR($R24="",Results!O5=""),"",ABS($R24-Results!O5)) -> 4 | AH24: 47 | AI24: =IF(OR(B24="",Results!B5=""),"",IF(AND(B24=Results!B5,Results!B5<>Games!$C$5),1,0)) -> 0 | AJ24: =IF(OR(C24="",Results!C5=""),"",IF(AND(C24=Results!C5,Results!C5<>Games!$C$6),1,0)) -> 0 | AK24: =IF(OR(D24="",Results!D5=""),"",IF(AND(D24=Results!D5,Results!D5<>Games!$C$7),1,0)) -> 0 | AL24: =IF(OR(E24="",Results!E5=""),"",IF(AND(E24=Results!E5,Results!E5<>Games!$C$8),1,0)) -> 0 | AM24: =IF(OR(F24="",Results!F5=""),"",IF(AND(F24=Results!F5,Results!F5<>Games!$C$9),1,0)) -> 0 | AN24: =IF(OR(G24="",Results!G5=""),"",IF(AND(G24=Results!G5,Results!G5<>Games!$C$10),1,0)) -> 0 | AO24: =IF(OR(H24="",Results!H5=""),"",IF(AND(H24=Results!H5,Results!H5<>Games!$C$11),1,0)) -> 0 | AP24: =IF(OR(I24="",Results!I5=""),"",IF(AND(I24=Results!I5,Results!I5<>Games!$C$12),1,0)) -> 0 | AQ24: =IF(OR(J24="",Results!J5=""),"",IF(AND(J24=Results!J5,Results!J5<>Games!$C$13),1,0)) -> 0 | AR24: =IF(OR(K24="",Results!K5=""),"",IF(AND(K24=Results!K5,Results!K5<>Games!$C$14),1,0)) -> 0 | AS24: =IF(OR(L24="",Results!L5=""),"",IF(AND(L24=Results!L5,Results!L5<>Games!$C$15),1,0)) -> 0 | AT24: =IF(OR(M24="",Results!M5=""),"",IF(AND(M24=Results!M5,Results!M5<>Games!$C$16),1,0)) -> 0 | AU24: =IF(OR(N24="",Results!N5=""),"",IF(AND(N24=Results!N5,Results!N5<>Games!$C$17),1,0)) -> 0 | AV24: =SUM(AI24:AU24) -> 0
A25: =INDEX(Players!$D$6:$D$69,MATCH(54,Players!$A$6:$A$69,0)) -> Jamie Z. | B25: Georgia Tech | C25: Eastern Michigan | D25: James Madison | E25: Cincinnati | F25: Duke | G25: Auburn | H25: Colorado State | I25: LSU | J25: UNLV | K25: California | L25: Western Kentucky | M25: Ole Miss | N25: SMU | O25: 1 | P25: 5 | Q25: 8 | R25: 57 | S25: =IF(OR(B25="",Results!B5=""),"",IF(B25=Results!B5,1+IF(OR($O25=1,$P25=1,$Q25=1),1,0),0)) -> 0 | T25: =IF(OR(C25="",Results!C5=""),"",IF(C25=Results!C5,1+IF(OR($O25=2,$P25=2,$Q25=2),1,0),0)) -> 0 | U25: =IF(OR(D25="",Results!D5=""),"",IF(D25=Results!D5,1+IF(OR($O25=3,$P25=3,$Q25=3),1,0),0)) -> 1 | V25: =IF(OR(E25="",Results!E5=""),"",IF(E25=Results!E5,1+IF(OR($O25=4,$P25=4,$Q25=4),1,0),0)) -> 1 | W25: =IF(OR(F25="",Results!F5=""),"",IF(F25=Results!F5,1+IF(OR($O25=5,$P25=5,$Q25=5),1,0),0)) -> 2 | X25: =IF(OR(G25="",Results!G5=""),"",IF(G25=Results!G5,1+IF(OR($O25=6,$P25=6,$Q25=6),1,0),0)) -> 1 | Y25: =IF(OR(H25="",Results!H5=""),"",IF(H25=Results!H5,1+IF(OR($O25=7,$P25=7,$Q25=7),1,0),0)) -> 1 | Z25: =IF(OR(I25="",Results!I5=""),"",IF(I25=Results!I5,1+IF(OR($O25=8,$P25=8,$Q25=8),1,0),0)) -> 2 | AA25: =IF(OR(J25="",Results!J5=""),"",IF(J25=Results!J5,1+IF(OR($O25=9,$P25=9,$Q25=9),1,0),0)) -> 1 | AB25: =IF(OR(K25="",Results!K5=""),"",IF(K25=Results!K5,1+IF(OR($O25=10,$P25=10,$Q25=10),1,0),0)) -> 0 | AC25: =IF(OR(L25="",Results!L5=""),"",IF(L25=Results!L5,1+IF(OR($O25=11,$P25=11,$Q25=11),1,0),0)) -> 0 | AD25: =IF(OR(M25="",Results!M5=""),"",IF(M25=Results!M5,1+IF(OR($O25=12,$P25=12,$Q25=12),1,0),0)) -> 1 | AE25: =IF(OR(N25="",Results!N5=""),"",IF(N25=Results!N5,1+IF(OR($O25=13,$P25=13,$Q25=13),1,0),0)) -> 1 | AF25: =SUM(S25:AE25) -> 11 | AG25: =IF(OR($R25="",Results!O5=""),"",ABS($R25-Results!O5)) -> 6 | AH25: 54 | AI25: =IF(OR(B25="",Results!B5=""),"",IF(AND(B25=Results!B5,Results!B5<>Games!$C$5),1,0)) -> 0 | AJ25: =IF(OR(C25="",Results!C5=""),"",IF(AND(C25=Results!C5,Results!C5<>Games!$C$6),1,0)) -> 0 | AK25: =IF(OR(D25="",Results!D5=""),"",IF(AND(D25=Results!D5,Results!D5<>Games!$C$7),1,0)) -> 0 | AL25: =IF(OR(E25="",Results!E5=""),"",IF(AND(E25=Results!E5,Results!E5<>Games!$C$8),1,0)) -> 0 | AM25: =IF(OR(F25="",Results!F5=""),"",IF(AND(F25=Results!F5,Results!F5<>Games!$C$9),1,0)) -> 0 | AN25: =IF(OR(G25="",Results!G5=""),"",IF(AND(G25=Results!G5,Results!G5<>Games!$C$10),1,0)) -> 0 | AO25: =IF(OR(H25="",Results!H5=""),"",IF(AND(H25=Results!H5,Results!H5<>Games!$C$11),1,0)) -> 0 | AP25: =IF(OR(I25="",Results!I5=""),"",IF(AND(I25=Results!I5,Results!I5<>Games!$C$12),1,0)) -> 0 | AQ25: =IF(OR(J25="",Results!J5=""),"",IF(AND(J25=Results!J5,Results!J5<>Games!$C$13),1,0)) -> 0 | AR25: =IF(OR(K25="",Results!K5=""),"",IF(AND(K25=Results!K5,Results!K5<>Games!$C$14),1,0)) -> 0 | AS25: =IF(OR(L25="",Results!L5=""),"",IF(AND(L25=Results!L5,Results!L5<>Games!$C$15),1,0)) -> 0 | AT25: =IF(OR(M25="",Results!M5=""),"",IF(AND(M25=Results!M5,Results!M5<>Games!$C$16),1,0)) -> 0 | AU25: =IF(OR(N25="",Results!N5=""),"",IF(AND(N25=Results!N5,Results!N5<>Games!$C$17),1,0)) -> 0 | AV25: =SUM(AI25:AU25) -> 0
A26: =INDEX(Players!$D$6:$D$69,MATCH(48,Players!$A$6:$A$69,0)) -> JC B. | B26: Georgia Tech | C26: Eastern Michigan | D26: James Madison | E26: Cincinnati | F26: Duke | G26: Auburn | H26: Colorado State | I26: LSU | J26: UNLV | K26: California | L26: Western Kentucky | M26: Ole Miss | N26: SMU | O26: 4 | P26: 5 | Q26: 8 | S26: =IF(OR(B26="",Results!B5=""),"",IF(B26=Results!B5,1+IF(OR($O26=1,$P26=1,$Q26=1),1,0),0)) -> 0 | T26: =IF(OR(C26="",Results!C5=""),"",IF(C26=Results!C5,1+IF(OR($O26=2,$P26=2,$Q26=2),1,0),0)) -> 0 | U26: =IF(OR(D26="",Results!D5=""),"",IF(D26=Results!D5,1+IF(OR($O26=3,$P26=3,$Q26=3),1,0),0)) -> 1 | V26: =IF(OR(E26="",Results!E5=""),"",IF(E26=Results!E5,1+IF(OR($O26=4,$P26=4,$Q26=4),1,0),0)) -> 2 | W26: =IF(OR(F26="",Results!F5=""),"",IF(F26=Results!F5,1+IF(OR($O26=5,$P26=5,$Q26=5),1,0),0)) -> 2 | X26: =IF(OR(G26="",Results!G5=""),"",IF(G26=Results!G5,1+IF(OR($O26=6,$P26=6,$Q26=6),1,0),0)) -> 1 | Y26: =IF(OR(H26="",Results!H5=""),"",IF(H26=Results!H5,1+IF(OR($O26=7,$P26=7,$Q26=7),1,0),0)) -> 1 | Z26: =IF(OR(I26="",Results!I5=""),"",IF(I26=Results!I5,1+IF(OR($O26=8,$P26=8,$Q26=8),1,0),0)) -> 2 | AA26: =IF(OR(J26="",Results!J5=""),"",IF(J26=Results!J5,1+IF(OR($O26=9,$P26=9,$Q26=9),1,0),0)) -> 1 | AB26: =IF(OR(K26="",Results!K5=""),"",IF(K26=Results!K5,1+IF(OR($O26=10,$P26=10,$Q26=10),1,0),0)) -> 0 | AC26: =IF(OR(L26="",Results!L5=""),"",IF(L26=Results!L5,1+IF(OR($O26=11,$P26=11,$Q26=11),1,0),0)) -> 0 | AD26: =IF(OR(M26="",Results!M5=""),"",IF(M26=Results!M5,1+IF(OR($O26=12,$P26=12,$Q26=12),1,0),0)) -> 1 | AE26: =IF(OR(N26="",Results!N5=""),"",IF(N26=Results!N5,1+IF(OR($O26=13,$P26=13,$Q26=13),1,0),0)) -> 1 | AF26: =SUM(S26:AE26) -> 12 | AG26: =IF(OR($R26="",Results!O5=""),"",ABS($R26-Results!O5)) | AH26: 48 | AI26: =IF(OR(B26="",Results!B5=""),"",IF(AND(B26=Results!B5,Results!B5<>Games!$C$5),1,0)) -> 0 | AJ26: =IF(OR(C26="",Results!C5=""),"",IF(AND(C26=Results!C5,Results!C5<>Games!$C$6),1,0)) -> 0 | AK26: =IF(OR(D26="",Results!D5=""),"",IF(AND(D26=Results!D5,Results!D5<>Games!$C$7),1,0)) -> 0 | AL26: =IF(OR(E26="",Results!E5=""),"",IF(AND(E26=Results!E5,Results!E5<>Games!$C$8),1,0)) -> 0 | AM26: =IF(OR(F26="",Results!F5=""),"",IF(AND(F26=Results!F5,Results!F5<>Games!$C$9),1,0)) -> 0 | AN26: =IF(OR(G26="",Results!G5=""),"",IF(AND(G26=Results!G5,Results!G5<>Games!$C$10),1,0)) -> 0 | AO26: =IF(OR(H26="",Results!H5=""),"",IF(AND(H26=Results!H5,Results!H5<>Games!$C$11),1,0)) -> 0 | AP26: =IF(OR(I26="",Results!I5=""),"",IF(AND(I26=Results!I5,Results!I5<>Games!$C$12),1,0)) -> 0 | AQ26: =IF(OR(J26="",Results!J5=""),"",IF(AND(J26=Results!J5,Results!J5<>Games!$C$13),1,0)) -> 0 | AR26: =IF(OR(K26="",Results!K5=""),"",IF(AND(K26=Results!K5,Results!K5<>Games!$C$14),1,0)) -> 0 | AS26: =IF(OR(L26="",Results!L5=""),"",IF(AND(L26=Results!L5,Results!L5<>Games!$C$15),1,0)) -> 0 | AT26: =IF(OR(M26="",Results!M5=""),"",IF(AND(M26=Results!M5,Results!M5<>Games!$C$16),1,0)) -> 0 | AU26: =IF(OR(N26="",Results!N5=""),"",IF(AND(N26=Results!N5,Results!N5<>Games!$C$17),1,0)) -> 0 | AV26: =SUM(AI26:AU26) -> 0
A27: =INDEX(Players!$D$6:$D$69,MATCH(38,Players!$A$6:$A$69,0)) -> Jeff D. | B27: Georgia Tech | C27: San Jose State | D27: James Madison | E27: Cincinnati | F27: Duke | G27: Auburn | H27: Wyoming | I27: LSU | J27: Hawai'i | K27: UCLA | L27: Western Kentucky | M27: Ole Miss | N27: SMU | O27: 4 | P27: 5 | Q27: 8 | R27: 52 | S27: =IF(OR(B27="",Results!B5=""),"",IF(B27=Results!B5,1+IF(OR($O27=1,$P27=1,$Q27=1),1,0),0)) -> 0 | T27: =IF(OR(C27="",Results!C5=""),"",IF(C27=Results!C5,1+IF(OR($O27=2,$P27=2,$Q27=2),1,0),0)) -> 1 | U27: =IF(OR(D27="",Results!D5=""),"",IF(D27=Results!D5,1+IF(OR($O27=3,$P27=3,$Q27=3),1,0),0)) -> 1 | V27: =IF(OR(E27="",Results!E5=""),"",IF(E27=Results!E5,1+IF(OR($O27=4,$P27=4,$Q27=4),1,0),0)) -> 2 | W27: =IF(OR(F27="",Results!F5=""),"",IF(F27=Results!F5,1+IF(OR($O27=5,$P27=5,$Q27=5),1,0),0)) -> 2 | X27: =IF(OR(G27="",Results!G5=""),"",IF(G27=Results!G5,1+IF(OR($O27=6,$P27=6,$Q27=6),1,0),0)) -> 1 | Y27: =IF(OR(H27="",Results!H5=""),"",IF(H27=Results!H5,1+IF(OR($O27=7,$P27=7,$Q27=7),1,0),0)) -> 0 | Z27: =IF(OR(I27="",Results!I5=""),"",IF(I27=Results!I5,1+IF(OR($O27=8,$P27=8,$Q27=8),1,0),0)) -> 2 | AA27: =IF(OR(J27="",Results!J5=""),"",IF(J27=Results!J5,1+IF(OR($O27=9,$P27=9,$Q27=9),1,0),0)) -> 0 | AB27: =IF(OR(K27="",Results!K5=""),"",IF(K27=Results!K5,1+IF(OR($O27=10,$P27=10,$Q27=10),1,0),0)) -> 1 | AC27: =IF(OR(L27="",Results!L5=""),"",IF(L27=Results!L5,1+IF(OR($O27=11,$P27=11,$Q27=11),1,0),0)) -> 0 | AD27: =IF(OR(M27="",Results!M5=""),"",IF(M27=Results!M5,1+IF(OR($O27=12,$P27=12,$Q27=12),1,0),0)) -> 1 | AE27: =IF(OR(N27="",Results!N5=""),"",IF(N27=Results!N5,1+IF(OR($O27=13,$P27=13,$Q27=13),1,0),0)) -> 1 | AF27: =SUM(S27:AE27) -> 12 | AG27: =IF(OR($R27="",Results!O5=""),"",ABS($R27-Results!O5)) -> 1 | AH27: 38 | AI27: =IF(OR(B27="",Results!B5=""),"",IF(AND(B27=Results!B5,Results!B5<>Games!$C$5),1,0)) -> 0 | AJ27: =IF(OR(C27="",Results!C5=""),"",IF(AND(C27=Results!C5,Results!C5<>Games!$C$6),1,0)) -> 1 | AK27: =IF(OR(D27="",Results!D5=""),"",IF(AND(D27=Results!D5,Results!D5<>Games!$C$7),1,0)) -> 0 | AL27: =IF(OR(E27="",Results!E5=""),"",IF(AND(E27=Results!E5,Results!E5<>Games!$C$8),1,0)) -> 0 | AM27: =IF(OR(F27="",Results!F5=""),"",IF(AND(F27=Results!F5,Results!F5<>Games!$C$9),1,0)) -> 0 | AN27: =IF(OR(G27="",Results!G5=""),"",IF(AND(G27=Results!G5,Results!G5<>Games!$C$10),1,0)) -> 0 | AO27: =IF(OR(H27="",Results!H5=""),"",IF(AND(H27=Results!H5,Results!H5<>Games!$C$11),1,0)) -> 0 | AP27: =IF(OR(I27="",Results!I5=""),"",IF(AND(I27=Results!I5,Results!I5<>Games!$C$12),1,0)) -> 0 | AQ27: =IF(OR(J27="",Results!J5=""),"",IF(AND(J27=Results!J5,Results!J5<>Games!$C$13),1,0)) -> 0 | AR27: =IF(OR(K27="",Results!K5=""),"",IF(AND(K27=Results!K5,Results!K5<>Games!$C$14),1,0)) -> 0 | AS27: =IF(OR(L27="",Results!L5=""),"",IF(AND(L27=Results!L5,Results!L5<>Games!$C$15),1,0)) -> 0 | AT27: =IF(OR(M27="",Results!M5=""),"",IF(AND(M27=Results!M5,Results!M5<>Games!$C$16),1,0)) -> 0 | AU27: =IF(OR(N27="",Results!N5=""),"",IF(AND(N27=Results!N5,Results!N5<>Games!$C$17),1,0)) -> 0 | AV27: =SUM(AI27:AU27) -> 1
A28: =INDEX(Players!$D$6:$D$69,MATCH(60,Players!$A$6:$A$69,0)) -> Jeff K. | B28: Georgia Tech | C28: San Jose State | D28: Liberty | E28: Cincinnati | F28: Tulane | G28: Auburn | H28: Colorado State | I28: Clemson | J28: UNLV | K28: UCLA | L28: Western Kentucky | M28: Ole Miss | N28: Florida State | O28: 6 | P28: 10 | Q28: 12 | R28: 49 | S28: =IF(OR(B28="",Results!B5=""),"",IF(B28=Results!B5,1+IF(OR($O28=1,$P28=1,$Q28=1),1,0),0)) -> 0 | T28: =IF(OR(C28="",Results!C5=""),"",IF(C28=Results!C5,1+IF(OR($O28=2,$P28=2,$Q28=2),1,0),0)) -> 1 | U28: =IF(OR(D28="",Results!D5=""),"",IF(D28=Results!D5,1+IF(OR($O28=3,$P28=3,$Q28=3),1,0),0)) -> 0 | V28: =IF(OR(E28="",Results!E5=""),"",IF(E28=Results!E5,1+IF(OR($O28=4,$P28=4,$Q28=4),1,0),0)) -> 1 | W28: =IF(OR(F28="",Results!F5=""),"",IF(F28=Results!F5,1+IF(OR($O28=5,$P28=5,$Q28=5),1,0),0)) -> 0 | X28: =IF(OR(G28="",Results!G5=""),"",IF(G28=Results!G5,1+IF(OR($O28=6,$P28=6,$Q28=6),1,0),0)) -> 2 | Y28: =IF(OR(H28="",Results!H5=""),"",IF(H28=Results!H5,1+IF(OR($O28=7,$P28=7,$Q28=7),1,0),0)) -> 1 | Z28: =IF(OR(I28="",Results!I5=""),"",IF(I28=Results!I5,1+IF(OR($O28=8,$P28=8,$Q28=8),1,0),0)) -> 0 | AA28: =IF(OR(J28="",Results!J5=""),"",IF(J28=Results!J5,1+IF(OR($O28=9,$P28=9,$Q28=9),1,0),0)) -> 1 | AB28: =IF(OR(K28="",Results!K5=""),"",IF(K28=Results!K5,1+IF(OR($O28=10,$P28=10,$Q28=10),1,0),0)) -> 2 | AC28: =IF(OR(L28="",Results!L5=""),"",IF(L28=Results!L5,1+IF(OR($O28=11,$P28=11,$Q28=11),1,0),0)) -> 0 | AD28: =IF(OR(M28="",Results!M5=""),"",IF(M28=Results!M5,1+IF(OR($O28=12,$P28=12,$Q28=12),1,0),0)) -> 2 | AE28: =IF(OR(N28="",Results!N5=""),"",IF(N28=Results!N5,1+IF(OR($O28=13,$P28=13,$Q28=13),1,0),0)) -> 0 | AF28: =SUM(S28:AE28) -> 10 | AG28: =IF(OR($R28="",Results!O5=""),"",ABS($R28-Results!O5)) -> 2 | AH28: 60 | AI28: =IF(OR(B28="",Results!B5=""),"",IF(AND(B28=Results!B5,Results!B5<>Games!$C$5),1,0)) -> 0 | AJ28: =IF(OR(C28="",Results!C5=""),"",IF(AND(C28=Results!C5,Results!C5<>Games!$C$6),1,0)) -> 1 | AK28: =IF(OR(D28="",Results!D5=""),"",IF(AND(D28=Results!D5,Results!D5<>Games!$C$7),1,0)) -> 0 | AL28: =IF(OR(E28="",Results!E5=""),"",IF(AND(E28=Results!E5,Results!E5<>Games!$C$8),1,0)) -> 0 | AM28: =IF(OR(F28="",Results!F5=""),"",IF(AND(F28=Results!F5,Results!F5<>Games!$C$9),1,0)) -> 0 | AN28: =IF(OR(G28="",Results!G5=""),"",IF(AND(G28=Results!G5,Results!G5<>Games!$C$10),1,0)) -> 0 | AO28: =IF(OR(H28="",Results!H5=""),"",IF(AND(H28=Results!H5,Results!H5<>Games!$C$11),1,0)) -> 0 | AP28: =IF(OR(I28="",Results!I5=""),"",IF(AND(I28=Results!I5,Results!I5<>Games!$C$12),1,0)) -> 0 | AQ28: =IF(OR(J28="",Results!J5=""),"",IF(AND(J28=Results!J5,Results!J5<>Games!$C$13),1,0)) -> 0 | AR28: =IF(OR(K28="",Results!K5=""),"",IF(AND(K28=Results!K5,Results!K5<>Games!$C$14),1,0)) -> 0 | AS28: =IF(OR(L28="",Results!L5=""),"",IF(AND(L28=Results!L5,Results!L5<>Games!$C$15),1,0)) -> 0 | AT28: =IF(OR(M28="",Results!M5=""),"",IF(AND(M28=Results!M5,Results!M5<>Games!$C$16),1,0)) -> 0 | AU28: =IF(OR(N28="",Results!N5=""),"",IF(AND(N28=Results!N5,Results!N5<>Games!$C$17),1,0)) -> 0 | AV28: =SUM(AI28:AU28) -> 1
A29: =INDEX(Players!$D$6:$D$69,MATCH(11,Players!$A$6:$A$69,0)) -> Jeff R. | B29: Georgia Tech | C29: San Jose State | D29: James Madison | E29: Cincinnati | F29: Duke | G29: Auburn | H29: Colorado State | I29: LSU | J29: UNLV | K29: California | L29: Nevada | M29: Ole Miss | N29: SMU | O29: 5 | P29: 8 | Q29: 13 | R29: 56 | S29: =IF(OR(B29="",Results!B5=""),"",IF(B29=Results!B5,1+IF(OR($O29=1,$P29=1,$Q29=1),1,0),0)) -> 0 | T29: =IF(OR(C29="",Results!C5=""),"",IF(C29=Results!C5,1+IF(OR($O29=2,$P29=2,$Q29=2),1,0),0)) -> 1 | U29: =IF(OR(D29="",Results!D5=""),"",IF(D29=Results!D5,1+IF(OR($O29=3,$P29=3,$Q29=3),1,0),0)) -> 1 | V29: =IF(OR(E29="",Results!E5=""),"",IF(E29=Results!E5,1+IF(OR($O29=4,$P29=4,$Q29=4),1,0),0)) -> 1 | W29: =IF(OR(F29="",Results!F5=""),"",IF(F29=Results!F5,1+IF(OR($O29=5,$P29=5,$Q29=5),1,0),0)) -> 2 | X29: =IF(OR(G29="",Results!G5=""),"",IF(G29=Results!G5,1+IF(OR($O29=6,$P29=6,$Q29=6),1,0),0)) -> 1 | Y29: =IF(OR(H29="",Results!H5=""),"",IF(H29=Results!H5,1+IF(OR($O29=7,$P29=7,$Q29=7),1,0),0)) -> 1 | Z29: =IF(OR(I29="",Results!I5=""),"",IF(I29=Results!I5,1+IF(OR($O29=8,$P29=8,$Q29=8),1,0),0)) -> 2 | AA29: =IF(OR(J29="",Results!J5=""),"",IF(J29=Results!J5,1+IF(OR($O29=9,$P29=9,$Q29=9),1,0),0)) -> 1 | AB29: =IF(OR(K29="",Results!K5=""),"",IF(K29=Results!K5,1+IF(OR($O29=10,$P29=10,$Q29=10),1,0),0)) -> 0 | AC29: =IF(OR(L29="",Results!L5=""),"",IF(L29=Results!L5,1+IF(OR($O29=11,$P29=11,$Q29=11),1,0),0)) -> 1 | AD29: =IF(OR(M29="",Results!M5=""),"",IF(M29=Results!M5,1+IF(OR($O29=12,$P29=12,$Q29=12),1,0),0)) -> 1 | AE29: =IF(OR(N29="",Results!N5=""),"",IF(N29=Results!N5,1+IF(OR($O29=13,$P29=13,$Q29=13),1,0),0)) -> 2 | AF29: =SUM(S29:AE29) -> 14 | AG29: =IF(OR($R29="",Results!O5=""),"",ABS($R29-Results!O5)) -> 5 | AH29: 11 | AI29: =IF(OR(B29="",Results!B5=""),"",IF(AND(B29=Results!B5,Results!B5<>Games!$C$5),1,0)) -> 0 | AJ29: =IF(OR(C29="",Results!C5=""),"",IF(AND(C29=Results!C5,Results!C5<>Games!$C$6),1,0)) -> 1 | AK29: =IF(OR(D29="",Results!D5=""),"",IF(AND(D29=Results!D5,Results!D5<>Games!$C$7),1,0)) -> 0 | AL29: =IF(OR(E29="",Results!E5=""),"",IF(AND(E29=Results!E5,Results!E5<>Games!$C$8),1,0)) -> 0 | AM29: =IF(OR(F29="",Results!F5=""),"",IF(AND(F29=Results!F5,Results!F5<>Games!$C$9),1,0)) -> 0 | AN29: =IF(OR(G29="",Results!G5=""),"",IF(AND(G29=Results!G5,Results!G5<>Games!$C$10),1,0)) -> 0 | AO29: =IF(OR(H29="",Results!H5=""),"",IF(AND(H29=Results!H5,Results!H5<>Games!$C$11),1,0)) -> 0 | AP29: =IF(OR(I29="",Results!I5=""),"",IF(AND(I29=Results!I5,Results!I5<>Games!$C$12),1,0)) -> 0 | AQ29: =IF(OR(J29="",Results!J5=""),"",IF(AND(J29=Results!J5,Results!J5<>Games!$C$13),1,0)) -> 0 | AR29: =IF(OR(K29="",Results!K5=""),"",IF(AND(K29=Results!K5,Results!K5<>Games!$C$14),1,0)) -> 0 | AS29: =IF(OR(L29="",Results!L5=""),"",IF(AND(L29=Results!L5,Results!L5<>Games!$C$15),1,0)) -> 1 | AT29: =IF(OR(M29="",Results!M5=""),"",IF(AND(M29=Results!M5,Results!M5<>Games!$C$16),1,0)) -> 0 | AU29: =IF(OR(N29="",Results!N5=""),"",IF(AND(N29=Results!N5,Results!N5<>Games!$C$17),1,0)) -> 0 | AV29: =SUM(AI29:AU29) -> 2
A30: =INDEX(Players!$D$6:$D$69,MATCH(12,Players!$A$6:$A$69,0)) -> Jill B. | B30: Georgia Tech | C30: Eastern Michigan | D30: James Madison | E30: Cincinnati | F30: Duke | G30: Auburn | H30: Colorado State | I30: LSU | J30: UNLV | K30: UCLA | L30: Nevada | M30: Ole Miss | N30: Florida State | O30: 4 | P30: 5 | Q30: 8 | R30: 58 | S30: =IF(OR(B30="",Results!B5=""),"",IF(B30=Results!B5,1+IF(OR($O30=1,$P30=1,$Q30=1),1,0),0)) -> 0 | T30: =IF(OR(C30="",Results!C5=""),"",IF(C30=Results!C5,1+IF(OR($O30=2,$P30=2,$Q30=2),1,0),0)) -> 0 | U30: =IF(OR(D30="",Results!D5=""),"",IF(D30=Results!D5,1+IF(OR($O30=3,$P30=3,$Q30=3),1,0),0)) -> 1 | V30: =IF(OR(E30="",Results!E5=""),"",IF(E30=Results!E5,1+IF(OR($O30=4,$P30=4,$Q30=4),1,0),0)) -> 2 | W30: =IF(OR(F30="",Results!F5=""),"",IF(F30=Results!F5,1+IF(OR($O30=5,$P30=5,$Q30=5),1,0),0)) -> 2 | X30: =IF(OR(G30="",Results!G5=""),"",IF(G30=Results!G5,1+IF(OR($O30=6,$P30=6,$Q30=6),1,0),0)) -> 1 | Y30: =IF(OR(H30="",Results!H5=""),"",IF(H30=Results!H5,1+IF(OR($O30=7,$P30=7,$Q30=7),1,0),0)) -> 1 | Z30: =IF(OR(I30="",Results!I5=""),"",IF(I30=Results!I5,1+IF(OR($O30=8,$P30=8,$Q30=8),1,0),0)) -> 2 | AA30: =IF(OR(J30="",Results!J5=""),"",IF(J30=Results!J5,1+IF(OR($O30=9,$P30=9,$Q30=9),1,0),0)) -> 1 | AB30: =IF(OR(K30="",Results!K5=""),"",IF(K30=Results!K5,1+IF(OR($O30=10,$P30=10,$Q30=10),1,0),0)) -> 1 | AC30: =IF(OR(L30="",Results!L5=""),"",IF(L30=Results!L5,1+IF(OR($O30=11,$P30=11,$Q30=11),1,0),0)) -> 1 | AD30: =IF(OR(M30="",Results!M5=""),"",IF(M30=Results!M5,1+IF(OR($O30=12,$P30=12,$Q30=12),1,0),0)) -> 1 | AE30: =IF(OR(N30="",Results!N5=""),"",IF(N30=Results!N5,1+IF(OR($O30=13,$P30=13,$Q30=13),1,0),0)) -> 0 | AF30: =SUM(S30:AE30) -> 13 | AG30: =IF(OR($R30="",Results!O5=""),"",ABS($R30-Results!O5)) -> 7 | AH30: 12 | AI30: =IF(OR(B30="",Results!B5=""),"",IF(AND(B30=Results!B5,Results!B5<>Games!$C$5),1,0)) -> 0 | AJ30: =IF(OR(C30="",Results!C5=""),"",IF(AND(C30=Results!C5,Results!C5<>Games!$C$6),1,0)) -> 0 | AK30: =IF(OR(D30="",Results!D5=""),"",IF(AND(D30=Results!D5,Results!D5<>Games!$C$7),1,0)) -> 0 | AL30: =IF(OR(E30="",Results!E5=""),"",IF(AND(E30=Results!E5,Results!E5<>Games!$C$8),1,0)) -> 0 | AM30: =IF(OR(F30="",Results!F5=""),"",IF(AND(F30=Results!F5,Results!F5<>Games!$C$9),1,0)) -> 0 | AN30: =IF(OR(G30="",Results!G5=""),"",IF(AND(G30=Results!G5,Results!G5<>Games!$C$10),1,0)) -> 0 | AO30: =IF(OR(H30="",Results!H5=""),"",IF(AND(H30=Results!H5,Results!H5<>Games!$C$11),1,0)) -> 0 | AP30: =IF(OR(I30="",Results!I5=""),"",IF(AND(I30=Results!I5,Results!I5<>Games!$C$12),1,0)) -> 0 | AQ30: =IF(OR(J30="",Results!J5=""),"",IF(AND(J30=Results!J5,Results!J5<>Games!$C$13),1,0)) -> 0 | AR30: =IF(OR(K30="",Results!K5=""),"",IF(AND(K30=Results!K5,Results!K5<>Games!$C$14),1,0)) -> 0 | AS30: =IF(OR(L30="",Results!L5=""),"",IF(AND(L30=Results!L5,Results!L5<>Games!$C$15),1,0)) -> 1 | AT30: =IF(OR(M30="",Results!M5=""),"",IF(AND(M30=Results!M5,Results!M5<>Games!$C$16),1,0)) -> 0 | AU30: =IF(OR(N30="",Results!N5=""),"",IF(AND(N30=Results!N5,Results!N5<>Games!$C$17),1,0)) -> 0 | AV30: =SUM(AI30:AU30) -> 1
A31: =INDEX(Players!$D$6:$D$69,MATCH(13,Players!$A$6:$A$69,0)) -> Joel G. | B31: Georgia Tech | C31: Eastern Michigan | D31: James Madison | E31: Cincinnati | F31: Tulane | G31: Auburn | H31: Colorado State | I31: LSU | J31: Hawai'i | K31: UCLA | L31: Western Kentucky | M31: Ole Miss | N31: SMU | O31: 3 | P31: 4 | Q31: 8 | R31: 54 | S31: =IF(OR(B31="",Results!B5=""),"",IF(B31=Results!B5,1+IF(OR($O31=1,$P31=1,$Q31=1),1,0),0)) -> 0 | T31: =IF(OR(C31="",Results!C5=""),"",IF(C31=Results!C5,1+IF(OR($O31=2,$P31=2,$Q31=2),1,0),0)) -> 0 | U31: =IF(OR(D31="",Results!D5=""),"",IF(D31=Results!D5,1+IF(OR($O31=3,$P31=3,$Q31=3),1,0),0)) -> 2 | V31: =IF(OR(E31="",Results!E5=""),"",IF(E31=Results!E5,1+IF(OR($O31=4,$P31=4,$Q31=4),1,0),0)) -> 2 | W31: =IF(OR(F31="",Results!F5=""),"",IF(F31=Results!F5,1+IF(OR($O31=5,$P31=5,$Q31=5),1,0),0)) -> 0 | X31: =IF(OR(G31="",Results!G5=""),"",IF(G31=Results!G5,1+IF(OR($O31=6,$P31=6,$Q31=6),1,0),0)) -> 1 | Y31: =IF(OR(H31="",Results!H5=""),"",IF(H31=Results!H5,1+IF(OR($O31=7,$P31=7,$Q31=7),1,0),0)) -> 1 | Z31: =IF(OR(I31="",Results!I5=""),"",IF(I31=Results!I5,1+IF(OR($O31=8,$P31=8,$Q31=8),1,0),0)) -> 2 | AA31: =IF(OR(J31="",Results!J5=""),"",IF(J31=Results!J5,1+IF(OR($O31=9,$P31=9,$Q31=9),1,0),0)) -> 0 | AB31: =IF(OR(K31="",Results!K5=""),"",IF(K31=Results!K5,1+IF(OR($O31=10,$P31=10,$Q31=10),1,0),0)) -> 1 | AC31: =IF(OR(L31="",Results!L5=""),"",IF(L31=Results!L5,1+IF(OR($O31=11,$P31=11,$Q31=11),1,0),0)) -> 0 | AD31: =IF(OR(M31="",Results!M5=""),"",IF(M31=Results!M5,1+IF(OR($O31=12,$P31=12,$Q31=12),1,0),0)) -> 1 | AE31: =IF(OR(N31="",Results!N5=""),"",IF(N31=Results!N5,1+IF(OR($O31=13,$P31=13,$Q31=13),1,0),0)) -> 1 | AF31: =SUM(S31:AE31) -> 11 | AG31: =IF(OR($R31="",Results!O5=""),"",ABS($R31-Results!O5)) -> 3 | AH31: 13 | AI31: =IF(OR(B31="",Results!B5=""),"",IF(AND(B31=Results!B5,Results!B5<>Games!$C$5),1,0)) -> 0 | AJ31: =IF(OR(C31="",Results!C5=""),"",IF(AND(C31=Results!C5,Results!C5<>Games!$C$6),1,0)) -> 0 | AK31: =IF(OR(D31="",Results!D5=""),"",IF(AND(D31=Results!D5,Results!D5<>Games!$C$7),1,0)) -> 0 | AL31: =IF(OR(E31="",Results!E5=""),"",IF(AND(E31=Results!E5,Results!E5<>Games!$C$8),1,0)) -> 0 | AM31: =IF(OR(F31="",Results!F5=""),"",IF(AND(F31=Results!F5,Results!F5<>Games!$C$9),1,0)) -> 0 | AN31: =IF(OR(G31="",Results!G5=""),"",IF(AND(G31=Results!G5,Results!G5<>Games!$C$10),1,0)) -> 0 | AO31: =IF(OR(H31="",Results!H5=""),"",IF(AND(H31=Results!H5,Results!H5<>Games!$C$11),1,0)) -> 0 | AP31: =IF(OR(I31="",Results!I5=""),"",IF(AND(I31=Results!I5,Results!I5<>Games!$C$12),1,0)) -> 0 | AQ31: =IF(OR(J31="",Results!J5=""),"",IF(AND(J31=Results!J5,Results!J5<>Games!$C$13),1,0)) -> 0 | AR31: =IF(OR(K31="",Results!K5=""),"",IF(AND(K31=Results!K5,Results!K5<>Games!$C$14),1,0)) -> 0 | AS31: =IF(OR(L31="",Results!L5=""),"",IF(AND(L31=Results!L5,Results!L5<>Games!$C$15),1,0)) -> 0 | AT31: =IF(OR(M31="",Results!M5=""),"",IF(AND(M31=Results!M5,Results!M5<>Games!$C$16),1,0)) -> 0 | AU31: =IF(OR(N31="",Results!N5=""),"",IF(AND(N31=Results!N5,Results!N5<>Games!$C$17),1,0)) -> 0 | AV31: =SUM(AI31:AU31) -> 0
A32: =INDEX(Players!$D$6:$D$69,MATCH(14,Players!$A$6:$A$69,0)) -> John K. | B32: Georgia Tech | C32: San Jose State | D32: James Madison | E32: Cincinnati | F32: Duke | G32: Auburn | H32: Wyoming | I32: LSU | J32: Hawai'i | K32: UCLA | L32: Western Kentucky | M32: Ole Miss | N32: SMU | O32: 3 | P32: 4 | Q32: 12 | R32: 54 | S32: =IF(OR(B32="",Results!B5=""),"",IF(B32=Results!B5,1+IF(OR($O32=1,$P32=1,$Q32=1),1,0),0)) -> 0 | T32: =IF(OR(C32="",Results!C5=""),"",IF(C32=Results!C5,1+IF(OR($O32=2,$P32=2,$Q32=2),1,0),0)) -> 1 | U32: =IF(OR(D32="",Results!D5=""),"",IF(D32=Results!D5,1+IF(OR($O32=3,$P32=3,$Q32=3),1,0),0)) -> 2 | V32: =IF(OR(E32="",Results!E5=""),"",IF(E32=Results!E5,1+IF(OR($O32=4,$P32=4,$Q32=4),1,0),0)) -> 2 | W32: =IF(OR(F32="",Results!F5=""),"",IF(F32=Results!F5,1+IF(OR($O32=5,$P32=5,$Q32=5),1,0),0)) -> 1 | X32: =IF(OR(G32="",Results!G5=""),"",IF(G32=Results!G5,1+IF(OR($O32=6,$P32=6,$Q32=6),1,0),0)) -> 1 | Y32: =IF(OR(H32="",Results!H5=""),"",IF(H32=Results!H5,1+IF(OR($O32=7,$P32=7,$Q32=7),1,0),0)) -> 0 | Z32: =IF(OR(I32="",Results!I5=""),"",IF(I32=Results!I5,1+IF(OR($O32=8,$P32=8,$Q32=8),1,0),0)) -> 1 | AA32: =IF(OR(J32="",Results!J5=""),"",IF(J32=Results!J5,1+IF(OR($O32=9,$P32=9,$Q32=9),1,0),0)) -> 0 | AB32: =IF(OR(K32="",Results!K5=""),"",IF(K32=Results!K5,1+IF(OR($O32=10,$P32=10,$Q32=10),1,0),0)) -> 1 | AC32: =IF(OR(L32="",Results!L5=""),"",IF(L32=Results!L5,1+IF(OR($O32=11,$P32=11,$Q32=11),1,0),0)) -> 0 | AD32: =IF(OR(M32="",Results!M5=""),"",IF(M32=Results!M5,1+IF(OR($O32=12,$P32=12,$Q32=12),1,0),0)) -> 2 | AE32: =IF(OR(N32="",Results!N5=""),"",IF(N32=Results!N5,1+IF(OR($O32=13,$P32=13,$Q32=13),1,0),0)) -> 1 | AF32: =SUM(S32:AE32) -> 12 | AG32: =IF(OR($R32="",Results!O5=""),"",ABS($R32-Results!O5)) -> 3 | AH32: 14 | AI32: =IF(OR(B32="",Results!B5=""),"",IF(AND(B32=Results!B5,Results!B5<>Games!$C$5),1,0)) -> 0 | AJ32: =IF(OR(C32="",Results!C5=""),"",IF(AND(C32=Results!C5,Results!C5<>Games!$C$6),1,0)) -> 1 | AK32: =IF(OR(D32="",Results!D5=""),"",IF(AND(D32=Results!D5,Results!D5<>Games!$C$7),1,0)) -> 0 | AL32: =IF(OR(E32="",Results!E5=""),"",IF(AND(E32=Results!E5,Results!E5<>Games!$C$8),1,0)) -> 0 | AM32: =IF(OR(F32="",Results!F5=""),"",IF(AND(F32=Results!F5,Results!F5<>Games!$C$9),1,0)) -> 0 | AN32: =IF(OR(G32="",Results!G5=""),"",IF(AND(G32=Results!G5,Results!G5<>Games!$C$10),1,0)) -> 0 | AO32: =IF(OR(H32="",Results!H5=""),"",IF(AND(H32=Results!H5,Results!H5<>Games!$C$11),1,0)) -> 0 | AP32: =IF(OR(I32="",Results!I5=""),"",IF(AND(I32=Results!I5,Results!I5<>Games!$C$12),1,0)) -> 0 | AQ32: =IF(OR(J32="",Results!J5=""),"",IF(AND(J32=Results!J5,Results!J5<>Games!$C$13),1,0)) -> 0 | AR32: =IF(OR(K32="",Results!K5=""),"",IF(AND(K32=Results!K5,Results!K5<>Games!$C$14),1,0)) -> 0 | AS32: =IF(OR(L32="",Results!L5=""),"",IF(AND(L32=Results!L5,Results!L5<>Games!$C$15),1,0)) -> 0 | AT32: =IF(OR(M32="",Results!M5=""),"",IF(AND(M32=Results!M5,Results!M5<>Games!$C$16),1,0)) -> 0 | AU32: =IF(OR(N32="",Results!N5=""),"",IF(AND(N32=Results!N5,Results!N5<>Games!$C$17),1,0)) -> 0 | AV32: =SUM(AI32:AU32) -> 1
A33: =INDEX(Players!$D$6:$D$69,MATCH(15,Players!$A$6:$A$69,0)) -> John T. | B33: Georgia Tech | C33: San Jose State | D33: James Madison | E33: Cincinnati | F33: Duke | G33: Auburn | H33: Colorado State | I33: LSU | J33: Hawai'i | K33: UCLA | L33: Nevada | M33: Ole Miss | N33: SMU | O33: 5 | P33: 8 | Q33: 12 | R33: 55 | S33: =IF(OR(B33="",Results!B5=""),"",IF(B33=Results!B5,1+IF(OR($O33=1,$P33=1,$Q33=1),1,0),0)) -> 0 | T33: =IF(OR(C33="",Results!C5=""),"",IF(C33=Results!C5,1+IF(OR($O33=2,$P33=2,$Q33=2),1,0),0)) -> 1 | U33: =IF(OR(D33="",Results!D5=""),"",IF(D33=Results!D5,1+IF(OR($O33=3,$P33=3,$Q33=3),1,0),0)) -> 1 | V33: =IF(OR(E33="",Results!E5=""),"",IF(E33=Results!E5,1+IF(OR($O33=4,$P33=4,$Q33=4),1,0),0)) -> 1 | W33: =IF(OR(F33="",Results!F5=""),"",IF(F33=Results!F5,1+IF(OR($O33=5,$P33=5,$Q33=5),1,0),0)) -> 2 | X33: =IF(OR(G33="",Results!G5=""),"",IF(G33=Results!G5,1+IF(OR($O33=6,$P33=6,$Q33=6),1,0),0)) -> 1 | Y33: =IF(OR(H33="",Results!H5=""),"",IF(H33=Results!H5,1+IF(OR($O33=7,$P33=7,$Q33=7),1,0),0)) -> 1 | Z33: =IF(OR(I33="",Results!I5=""),"",IF(I33=Results!I5,1+IF(OR($O33=8,$P33=8,$Q33=8),1,0),0)) -> 2 | AA33: =IF(OR(J33="",Results!J5=""),"",IF(J33=Results!J5,1+IF(OR($O33=9,$P33=9,$Q33=9),1,0),0)) -> 0 | AB33: =IF(OR(K33="",Results!K5=""),"",IF(K33=Results!K5,1+IF(OR($O33=10,$P33=10,$Q33=10),1,0),0)) -> 1 | AC33: =IF(OR(L33="",Results!L5=""),"",IF(L33=Results!L5,1+IF(OR($O33=11,$P33=11,$Q33=11),1,0),0)) -> 1 | AD33: =IF(OR(M33="",Results!M5=""),"",IF(M33=Results!M5,1+IF(OR($O33=12,$P33=12,$Q33=12),1,0),0)) -> 2 | AE33: =IF(OR(N33="",Results!N5=""),"",IF(N33=Results!N5,1+IF(OR($O33=13,$P33=13,$Q33=13),1,0),0)) -> 1 | AF33: =SUM(S33:AE33) -> 14 | AG33: =IF(OR($R33="",Results!O5=""),"",ABS($R33-Results!O5)) -> 4 | AH33: 15 | AI33: =IF(OR(B33="",Results!B5=""),"",IF(AND(B33=Results!B5,Results!B5<>Games!$C$5),1,0)) -> 0 | AJ33: =IF(OR(C33="",Results!C5=""),"",IF(AND(C33=Results!C5,Results!C5<>Games!$C$6),1,0)) -> 1 | AK33: =IF(OR(D33="",Results!D5=""),"",IF(AND(D33=Results!D5,Results!D5<>Games!$C$7),1,0)) -> 0 | AL33: =IF(OR(E33="",Results!E5=""),"",IF(AND(E33=Results!E5,Results!E5<>Games!$C$8),1,0)) -> 0 | AM33: =IF(OR(F33="",Results!F5=""),"",IF(AND(F33=Results!F5,Results!F5<>Games!$C$9),1,0)) -> 0 | AN33: =IF(OR(G33="",Results!G5=""),"",IF(AND(G33=Results!G5,Results!G5<>Games!$C$10),1,0)) -> 0 | AO33: =IF(OR(H33="",Results!H5=""),"",IF(AND(H33=Results!H5,Results!H5<>Games!$C$11),1,0)) -> 0 | AP33: =IF(OR(I33="",Results!I5=""),"",IF(AND(I33=Results!I5,Results!I5<>Games!$C$12),1,0)) -> 0 | AQ33: =IF(OR(J33="",Results!J5=""),"",IF(AND(J33=Results!J5,Results!J5<>Games!$C$13),1,0)) -> 0 | AR33: =IF(OR(K33="",Results!K5=""),"",IF(AND(K33=Results!K5,Results!K5<>Games!$C$14),1,0)) -> 0 | AS33: =IF(OR(L33="",Results!L5=""),"",IF(AND(L33=Results!L5,Results!L5<>Games!$C$15),1,0)) -> 1 | AT33: =IF(OR(M33="",Results!M5=""),"",IF(AND(M33=Results!M5,Results!M5<>Games!$C$16),1,0)) -> 0 | AU33: =IF(OR(N33="",Results!N5=""),"",IF(AND(N33=Results!N5,Results!N5<>Games!$C$17),1,0)) -> 0 | AV33: =SUM(AI33:AU33) -> 2
A34: =INDEX(Players!$D$6:$D$69,MATCH(16,Players!$A$6:$A$69,0)) -> Josh H. | B34: Georgia Tech | C34: San Jose State | D34: James Madison | E34: Cincinnati | F34: Duke | G34: Auburn | H34: Colorado State | I34: LSU | J34: UNLV | K34: UCLA | L34: Nevada | M34: Ole Miss | N34: SMU | O34: 3 | P34: 5 | Q34: 8 | R34: 50 | S34: =IF(OR(B34="",Results!B5=""),"",IF(B34=Results!B5,1+IF(OR($O34=1,$P34=1,$Q34=1),1,0),0)) -> 0 | T34: =IF(OR(C34="",Results!C5=""),"",IF(C34=Results!C5,1+IF(OR($O34=2,$P34=2,$Q34=2),1,0),0)) -> 1 | U34: =IF(OR(D34="",Results!D5=""),"",IF(D34=Results!D5,1+IF(OR($O34=3,$P34=3,$Q34=3),1,0),0)) -> 2 | V34: =IF(OR(E34="",Results!E5=""),"",IF(E34=Results!E5,1+IF(OR($O34=4,$P34=4,$Q34=4),1,0),0)) -> 1 | W34: =IF(OR(F34="",Results!F5=""),"",IF(F34=Results!F5,1+IF(OR($O34=5,$P34=5,$Q34=5),1,0),0)) -> 2 | X34: =IF(OR(G34="",Results!G5=""),"",IF(G34=Results!G5,1+IF(OR($O34=6,$P34=6,$Q34=6),1,0),0)) -> 1 | Y34: =IF(OR(H34="",Results!H5=""),"",IF(H34=Results!H5,1+IF(OR($O34=7,$P34=7,$Q34=7),1,0),0)) -> 1 | Z34: =IF(OR(I34="",Results!I5=""),"",IF(I34=Results!I5,1+IF(OR($O34=8,$P34=8,$Q34=8),1,0),0)) -> 2 | AA34: =IF(OR(J34="",Results!J5=""),"",IF(J34=Results!J5,1+IF(OR($O34=9,$P34=9,$Q34=9),1,0),0)) -> 1 | AB34: =IF(OR(K34="",Results!K5=""),"",IF(K34=Results!K5,1+IF(OR($O34=10,$P34=10,$Q34=10),1,0),0)) -> 1 | AC34: =IF(OR(L34="",Results!L5=""),"",IF(L34=Results!L5,1+IF(OR($O34=11,$P34=11,$Q34=11),1,0),0)) -> 1 | AD34: =IF(OR(M34="",Results!M5=""),"",IF(M34=Results!M5,1+IF(OR($O34=12,$P34=12,$Q34=12),1,0),0)) -> 1 | AE34: =IF(OR(N34="",Results!N5=""),"",IF(N34=Results!N5,1+IF(OR($O34=13,$P34=13,$Q34=13),1,0),0)) -> 1 | AF34: =SUM(S34:AE34) -> 15 | AG34: =IF(OR($R34="",Results!O5=""),"",ABS($R34-Results!O5)) -> 1 | AH34: 16 | AI34: =IF(OR(B34="",Results!B5=""),"",IF(AND(B34=Results!B5,Results!B5<>Games!$C$5),1,0)) -> 0 | AJ34: =IF(OR(C34="",Results!C5=""),"",IF(AND(C34=Results!C5,Results!C5<>Games!$C$6),1,0)) -> 1 | AK34: =IF(OR(D34="",Results!D5=""),"",IF(AND(D34=Results!D5,Results!D5<>Games!$C$7),1,0)) -> 0 | AL34: =IF(OR(E34="",Results!E5=""),"",IF(AND(E34=Results!E5,Results!E5<>Games!$C$8),1,0)) -> 0 | AM34: =IF(OR(F34="",Results!F5=""),"",IF(AND(F34=Results!F5,Results!F5<>Games!$C$9),1,0)) -> 0 | AN34: =IF(OR(G34="",Results!G5=""),"",IF(AND(G34=Results!G5,Results!G5<>Games!$C$10),1,0)) -> 0 | AO34: =IF(OR(H34="",Results!H5=""),"",IF(AND(H34=Results!H5,Results!H5<>Games!$C$11),1,0)) -> 0 | AP34: =IF(OR(I34="",Results!I5=""),"",IF(AND(I34=Results!I5,Results!I5<>Games!$C$12),1,0)) -> 0 | AQ34: =IF(OR(J34="",Results!J5=""),"",IF(AND(J34=Results!J5,Results!J5<>Games!$C$13),1,0)) -> 0 | AR34: =IF(OR(K34="",Results!K5=""),"",IF(AND(K34=Results!K5,Results!K5<>Games!$C$14),1,0)) -> 0 | AS34: =IF(OR(L34="",Results!L5=""),"",IF(AND(L34=Results!L5,Results!L5<>Games!$C$15),1,0)) -> 1 | AT34: =IF(OR(M34="",Results!M5=""),"",IF(AND(M34=Results!M5,Results!M5<>Games!$C$16),1,0)) -> 0 | AU34: =IF(OR(N34="",Results!N5=""),"",IF(AND(N34=Results!N5,Results!N5<>Games!$C$17),1,0)) -> 0 | AV34: =SUM(AI34:AU34) -> 2
A35: =INDEX(Players!$D$6:$D$69,MATCH(17,Players!$A$6:$A$69,0)) -> Justin S. | B35: Georgia Tech | C35: San Jose State | D35: James Madison | E35: Cincinnati | F35: Duke | G35: Auburn | H35: Colorado State | I35: LSU | J35: Hawai'i | K35: California | L35: Western Kentucky | M35: Ole Miss | N35: SMU | O35: 1 | P35: 4 | Q35: 12 | R35: 56 | S35: =IF(OR(B35="",Results!B5=""),"",IF(B35=Results!B5,1+IF(OR($O35=1,$P35=1,$Q35=1),1,0),0)) -> 0 | T35: =IF(OR(C35="",Results!C5=""),"",IF(C35=Results!C5,1+IF(OR($O35=2,$P35=2,$Q35=2),1,0),0)) -> 1 | U35: =IF(OR(D35="",Results!D5=""),"",IF(D35=Results!D5,1+IF(OR($O35=3,$P35=3,$Q35=3),1,0),0)) -> 1 | V35: =IF(OR(E35="",Results!E5=""),"",IF(E35=Results!E5,1+IF(OR($O35=4,$P35=4,$Q35=4),1,0),0)) -> 2 | W35: =IF(OR(F35="",Results!F5=""),"",IF(F35=Results!F5,1+IF(OR($O35=5,$P35=5,$Q35=5),1,0),0)) -> 1 | X35: =IF(OR(G35="",Results!G5=""),"",IF(G35=Results!G5,1+IF(OR($O35=6,$P35=6,$Q35=6),1,0),0)) -> 1 | Y35: =IF(OR(H35="",Results!H5=""),"",IF(H35=Results!H5,1+IF(OR($O35=7,$P35=7,$Q35=7),1,0),0)) -> 1 | Z35: =IF(OR(I35="",Results!I5=""),"",IF(I35=Results!I5,1+IF(OR($O35=8,$P35=8,$Q35=8),1,0),0)) -> 1 | AA35: =IF(OR(J35="",Results!J5=""),"",IF(J35=Results!J5,1+IF(OR($O35=9,$P35=9,$Q35=9),1,0),0)) -> 0 | AB35: =IF(OR(K35="",Results!K5=""),"",IF(K35=Results!K5,1+IF(OR($O35=10,$P35=10,$Q35=10),1,0),0)) -> 0 | AC35: =IF(OR(L35="",Results!L5=""),"",IF(L35=Results!L5,1+IF(OR($O35=11,$P35=11,$Q35=11),1,0),0)) -> 0 | AD35: =IF(OR(M35="",Results!M5=""),"",IF(M35=Results!M5,1+IF(OR($O35=12,$P35=12,$Q35=12),1,0),0)) -> 2 | AE35: =IF(OR(N35="",Results!N5=""),"",IF(N35=Results!N5,1+IF(OR($O35=13,$P35=13,$Q35=13),1,0),0)) -> 1 | AF35: =SUM(S35:AE35) -> 11 | AG35: =IF(OR($R35="",Results!O5=""),"",ABS($R35-Results!O5)) -> 5 | AH35: 17 | AI35: =IF(OR(B35="",Results!B5=""),"",IF(AND(B35=Results!B5,Results!B5<>Games!$C$5),1,0)) -> 0 | AJ35: =IF(OR(C35="",Results!C5=""),"",IF(AND(C35=Results!C5,Results!C5<>Games!$C$6),1,0)) -> 1 | AK35: =IF(OR(D35="",Results!D5=""),"",IF(AND(D35=Results!D5,Results!D5<>Games!$C$7),1,0)) -> 0 | AL35: =IF(OR(E35="",Results!E5=""),"",IF(AND(E35=Results!E5,Results!E5<>Games!$C$8),1,0)) -> 0 | AM35: =IF(OR(F35="",Results!F5=""),"",IF(AND(F35=Results!F5,Results!F5<>Games!$C$9),1,0)) -> 0 | AN35: =IF(OR(G35="",Results!G5=""),"",IF(AND(G35=Results!G5,Results!G5<>Games!$C$10),1,0)) -> 0 | AO35: =IF(OR(H35="",Results!H5=""),"",IF(AND(H35=Results!H5,Results!H5<>Games!$C$11),1,0)) -> 0 | AP35: =IF(OR(I35="",Results!I5=""),"",IF(AND(I35=Results!I5,Results!I5<>Games!$C$12),1,0)) -> 0 | AQ35: =IF(OR(J35="",Results!J5=""),"",IF(AND(J35=Results!J5,Results!J5<>Games!$C$13),1,0)) -> 0 | AR35: =IF(OR(K35="",Results!K5=""),"",IF(AND(K35=Results!K5,Results!K5<>Games!$C$14),1,0)) -> 0 | AS35: =IF(OR(L35="",Results!L5=""),"",IF(AND(L35=Results!L5,Results!L5<>Games!$C$15),1,0)) -> 0 | AT35: =IF(OR(M35="",Results!M5=""),"",IF(AND(M35=Results!M5,Results!M5<>Games!$C$16),1,0)) -> 0 | AU35: =IF(OR(N35="",Results!N5=""),"",IF(AND(N35=Results!N5,Results!N5<>Games!$C$17),1,0)) -> 0 | AV35: =SUM(AI35:AU35) -> 1
A36: =INDEX(Players!$D$6:$D$69,MATCH(39,Players!$A$6:$A$69,0)) -> Kaley P. | B36: Georgia Tech | C36: Eastern Michigan | D36: James Madison | E36: Cincinnati | F36: Duke | G36: Auburn | H36: Colorado State | I36: LSU | J36: UNLV | K36: UCLA | L36: Nevada | M36: Ole Miss | N36: Florida State | O36: 3 | P36: 5 | Q36: 8 | R36: 51 | S36: =IF(OR(B36="",Results!B5=""),"",IF(B36=Results!B5,1+IF(OR($O36=1,$P36=1,$Q36=1),1,0),0)) -> 0 | T36: =IF(OR(C36="",Results!C5=""),"",IF(C36=Results!C5,1+IF(OR($O36=2,$P36=2,$Q36=2),1,0),0)) -> 0 | U36: =IF(OR(D36="",Results!D5=""),"",IF(D36=Results!D5,1+IF(OR($O36=3,$P36=3,$Q36=3),1,0),0)) -> 2 | V36: =IF(OR(E36="",Results!E5=""),"",IF(E36=Results!E5,1+IF(OR($O36=4,$P36=4,$Q36=4),1,0),0)) -> 1 | W36: =IF(OR(F36="",Results!F5=""),"",IF(F36=Results!F5,1+IF(OR($O36=5,$P36=5,$Q36=5),1,0),0)) -> 2 | X36: =IF(OR(G36="",Results!G5=""),"",IF(G36=Results!G5,1+IF(OR($O36=6,$P36=6,$Q36=6),1,0),0)) -> 1 | Y36: =IF(OR(H36="",Results!H5=""),"",IF(H36=Results!H5,1+IF(OR($O36=7,$P36=7,$Q36=7),1,0),0)) -> 1 | Z36: =IF(OR(I36="",Results!I5=""),"",IF(I36=Results!I5,1+IF(OR($O36=8,$P36=8,$Q36=8),1,0),0)) -> 2 | AA36: =IF(OR(J36="",Results!J5=""),"",IF(J36=Results!J5,1+IF(OR($O36=9,$P36=9,$Q36=9),1,0),0)) -> 1 | AB36: =IF(OR(K36="",Results!K5=""),"",IF(K36=Results!K5,1+IF(OR($O36=10,$P36=10,$Q36=10),1,0),0)) -> 1 | AC36: =IF(OR(L36="",Results!L5=""),"",IF(L36=Results!L5,1+IF(OR($O36=11,$P36=11,$Q36=11),1,0),0)) -> 1 | AD36: =IF(OR(M36="",Results!M5=""),"",IF(M36=Results!M5,1+IF(OR($O36=12,$P36=12,$Q36=12),1,0),0)) -> 1 | AE36: =IF(OR(N36="",Results!N5=""),"",IF(N36=Results!N5,1+IF(OR($O36=13,$P36=13,$Q36=13),1,0),0)) -> 0 | AF36: =SUM(S36:AE36) -> 13 | AG36: =IF(OR($R36="",Results!O5=""),"",ABS($R36-Results!O5)) -> 0 | AH36: 39 | AI36: =IF(OR(B36="",Results!B5=""),"",IF(AND(B36=Results!B5,Results!B5<>Games!$C$5),1,0)) -> 0 | AJ36: =IF(OR(C36="",Results!C5=""),"",IF(AND(C36=Results!C5,Results!C5<>Games!$C$6),1,0)) -> 0 | AK36: =IF(OR(D36="",Results!D5=""),"",IF(AND(D36=Results!D5,Results!D5<>Games!$C$7),1,0)) -> 0 | AL36: =IF(OR(E36="",Results!E5=""),"",IF(AND(E36=Results!E5,Results!E5<>Games!$C$8),1,0)) -> 0 | AM36: =IF(OR(F36="",Results!F5=""),"",IF(AND(F36=Results!F5,Results!F5<>Games!$C$9),1,0)) -> 0 | AN36: =IF(OR(G36="",Results!G5=""),"",IF(AND(G36=Results!G5,Results!G5<>Games!$C$10),1,0)) -> 0 | AO36: =IF(OR(H36="",Results!H5=""),"",IF(AND(H36=Results!H5,Results!H5<>Games!$C$11),1,0)) -> 0 | AP36: =IF(OR(I36="",Results!I5=""),"",IF(AND(I36=Results!I5,Results!I5<>Games!$C$12),1,0)) -> 0 | AQ36: =IF(OR(J36="",Results!J5=""),"",IF(AND(J36=Results!J5,Results!J5<>Games!$C$13),1,0)) -> 0 | AR36: =IF(OR(K36="",Results!K5=""),"",IF(AND(K36=Results!K5,Results!K5<>Games!$C$14),1,0)) -> 0 | AS36: =IF(OR(L36="",Results!L5=""),"",IF(AND(L36=Results!L5,Results!L5<>Games!$C$15),1,0)) -> 1 | AT36: =IF(OR(M36="",Results!M5=""),"",IF(AND(M36=Results!M5,Results!M5<>Games!$C$16),1,0)) -> 0 | AU36: =IF(OR(N36="",Results!N5=""),"",IF(AND(N36=Results!N5,Results!N5<>Games!$C$17),1,0)) -> 0 | AV36: =SUM(AI36:AU36) -> 1
A37: =INDEX(Players!$D$6:$D$69,MATCH(49,Players!$A$6:$A$69,0)) -> Kate S. | B37: Georgia Tech | C37: Eastern Michigan | D37: James Madison | E37: Cincinnati | F37: Duke | G37: Auburn | H37: Wyoming | I37: LSU | J37: UNLV | K37: California | L37: Western Kentucky | M37: Ole Miss | N37: SMU | O37: 4 | P37: 8 | Q37: 12 | R37: 45 | S37: =IF(OR(B37="",Results!B5=""),"",IF(B37=Results!B5,1+IF(OR($O37=1,$P37=1,$Q37=1),1,0),0)) -> 0 | T37: =IF(OR(C37="",Results!C5=""),"",IF(C37=Results!C5,1+IF(OR($O37=2,$P37=2,$Q37=2),1,0),0)) -> 0 | U37: =IF(OR(D37="",Results!D5=""),"",IF(D37=Results!D5,1+IF(OR($O37=3,$P37=3,$Q37=3),1,0),0)) -> 1 | V37: =IF(OR(E37="",Results!E5=""),"",IF(E37=Results!E5,1+IF(OR($O37=4,$P37=4,$Q37=4),1,0),0)) -> 2 | W37: =IF(OR(F37="",Results!F5=""),"",IF(F37=Results!F5,1+IF(OR($O37=5,$P37=5,$Q37=5),1,0),0)) -> 1 | X37: =IF(OR(G37="",Results!G5=""),"",IF(G37=Results!G5,1+IF(OR($O37=6,$P37=6,$Q37=6),1,0),0)) -> 1 | Y37: =IF(OR(H37="",Results!H5=""),"",IF(H37=Results!H5,1+IF(OR($O37=7,$P37=7,$Q37=7),1,0),0)) -> 0 | Z37: =IF(OR(I37="",Results!I5=""),"",IF(I37=Results!I5,1+IF(OR($O37=8,$P37=8,$Q37=8),1,0),0)) -> 2 | AA37: =IF(OR(J37="",Results!J5=""),"",IF(J37=Results!J5,1+IF(OR($O37=9,$P37=9,$Q37=9),1,0),0)) -> 1 | AB37: =IF(OR(K37="",Results!K5=""),"",IF(K37=Results!K5,1+IF(OR($O37=10,$P37=10,$Q37=10),1,0),0)) -> 0 | AC37: =IF(OR(L37="",Results!L5=""),"",IF(L37=Results!L5,1+IF(OR($O37=11,$P37=11,$Q37=11),1,0),0)) -> 0 | AD37: =IF(OR(M37="",Results!M5=""),"",IF(M37=Results!M5,1+IF(OR($O37=12,$P37=12,$Q37=12),1,0),0)) -> 2 | AE37: =IF(OR(N37="",Results!N5=""),"",IF(N37=Results!N5,1+IF(OR($O37=13,$P37=13,$Q37=13),1,0),0)) -> 1 | AF37: =SUM(S37:AE37) -> 11 | AG37: =IF(OR($R37="",Results!O5=""),"",ABS($R37-Results!O5)) -> 6 | AH37: 49 | AI37: =IF(OR(B37="",Results!B5=""),"",IF(AND(B37=Results!B5,Results!B5<>Games!$C$5),1,0)) -> 0 | AJ37: =IF(OR(C37="",Results!C5=""),"",IF(AND(C37=Results!C5,Results!C5<>Games!$C$6),1,0)) -> 0 | AK37: =IF(OR(D37="",Results!D5=""),"",IF(AND(D37=Results!D5,Results!D5<>Games!$C$7),1,0)) -> 0 | AL37: =IF(OR(E37="",Results!E5=""),"",IF(AND(E37=Results!E5,Results!E5<>Games!$C$8),1,0)) -> 0 | AM37: =IF(OR(F37="",Results!F5=""),"",IF(AND(F37=Results!F5,Results!F5<>Games!$C$9),1,0)) -> 0 | AN37: =IF(OR(G37="",Results!G5=""),"",IF(AND(G37=Results!G5,Results!G5<>Games!$C$10),1,0)) -> 0 | AO37: =IF(OR(H37="",Results!H5=""),"",IF(AND(H37=Results!H5,Results!H5<>Games!$C$11),1,0)) -> 0 | AP37: =IF(OR(I37="",Results!I5=""),"",IF(AND(I37=Results!I5,Results!I5<>Games!$C$12),1,0)) -> 0 | AQ37: =IF(OR(J37="",Results!J5=""),"",IF(AND(J37=Results!J5,Results!J5<>Games!$C$13),1,0)) -> 0 | AR37: =IF(OR(K37="",Results!K5=""),"",IF(AND(K37=Results!K5,Results!K5<>Games!$C$14),1,0)) -> 0 | AS37: =IF(OR(L37="",Results!L5=""),"",IF(AND(L37=Results!L5,Results!L5<>Games!$C$15),1,0)) -> 0 | AT37: =IF(OR(M37="",Results!M5=""),"",IF(AND(M37=Results!M5,Results!M5<>Games!$C$16),1,0)) -> 0 | AU37: =IF(OR(N37="",Results!N5=""),"",IF(AND(N37=Results!N5,Results!N5<>Games!$C$17),1,0)) -> 0 | AV37: =SUM(AI37:AU37) -> 0
A38: =INDEX(Players!$D$6:$D$69,MATCH(18,Players!$A$6:$A$69,0)) -> Ken L. | B38: Georgia Tech | C38: Eastern Michigan | D38: James Madison | E38: Cincinnati | F38: Duke | G38: Auburn | H38: Colorado State | I38: LSU | J38: UNLV | K38: UCLA | L38: Nevada | M38: Ole Miss | N38: SMU | O38: 4 | P38: 5 | Q38: 8 | R38: 53 | S38: =IF(OR(B38="",Results!B5=""),"",IF(B38=Results!B5,1+IF(OR($O38=1,$P38=1,$Q38=1),1,0),0)) -> 0 | T38: =IF(OR(C38="",Results!C5=""),"",IF(C38=Results!C5,1+IF(OR($O38=2,$P38=2,$Q38=2),1,0),0)) -> 0 | U38: =IF(OR(D38="",Results!D5=""),"",IF(D38=Results!D5,1+IF(OR($O38=3,$P38=3,$Q38=3),1,0),0)) -> 1 | V38: =IF(OR(E38="",Results!E5=""),"",IF(E38=Results!E5,1+IF(OR($O38=4,$P38=4,$Q38=4),1,0),0)) -> 2 | W38: =IF(OR(F38="",Results!F5=""),"",IF(F38=Results!F5,1+IF(OR($O38=5,$P38=5,$Q38=5),1,0),0)) -> 2 | X38: =IF(OR(G38="",Results!G5=""),"",IF(G38=Results!G5,1+IF(OR($O38=6,$P38=6,$Q38=6),1,0),0)) -> 1 | Y38: =IF(OR(H38="",Results!H5=""),"",IF(H38=Results!H5,1+IF(OR($O38=7,$P38=7,$Q38=7),1,0),0)) -> 1 | Z38: =IF(OR(I38="",Results!I5=""),"",IF(I38=Results!I5,1+IF(OR($O38=8,$P38=8,$Q38=8),1,0),0)) -> 2 | AA38: =IF(OR(J38="",Results!J5=""),"",IF(J38=Results!J5,1+IF(OR($O38=9,$P38=9,$Q38=9),1,0),0)) -> 1 | AB38: =IF(OR(K38="",Results!K5=""),"",IF(K38=Results!K5,1+IF(OR($O38=10,$P38=10,$Q38=10),1,0),0)) -> 1 | AC38: =IF(OR(L38="",Results!L5=""),"",IF(L38=Results!L5,1+IF(OR($O38=11,$P38=11,$Q38=11),1,0),0)) -> 1 | AD38: =IF(OR(M38="",Results!M5=""),"",IF(M38=Results!M5,1+IF(OR($O38=12,$P38=12,$Q38=12),1,0),0)) -> 1 | AE38: =IF(OR(N38="",Results!N5=""),"",IF(N38=Results!N5,1+IF(OR($O38=13,$P38=13,$Q38=13),1,0),0)) -> 1 | AF38: =SUM(S38:AE38) -> 14 | AG38: =IF(OR($R38="",Results!O5=""),"",ABS($R38-Results!O5)) -> 2 | AH38: 18 | AI38: =IF(OR(B38="",Results!B5=""),"",IF(AND(B38=Results!B5,Results!B5<>Games!$C$5),1,0)) -> 0 | AJ38: =IF(OR(C38="",Results!C5=""),"",IF(AND(C38=Results!C5,Results!C5<>Games!$C$6),1,0)) -> 0 | AK38: =IF(OR(D38="",Results!D5=""),"",IF(AND(D38=Results!D5,Results!D5<>Games!$C$7),1,0)) -> 0 | AL38: =IF(OR(E38="",Results!E5=""),"",IF(AND(E38=Results!E5,Results!E5<>Games!$C$8),1,0)) -> 0 | AM38: =IF(OR(F38="",Results!F5=""),"",IF(AND(F38=Results!F5,Results!F5<>Games!$C$9),1,0)) -> 0 | AN38: =IF(OR(G38="",Results!G5=""),"",IF(AND(G38=Results!G5,Results!G5<>Games!$C$10),1,0)) -> 0 | AO38: =IF(OR(H38="",Results!H5=""),"",IF(AND(H38=Results!H5,Results!H5<>Games!$C$11),1,0)) -> 0 | AP38: =IF(OR(I38="",Results!I5=""),"",IF(AND(I38=Results!I5,Results!I5<>Games!$C$12),1,0)) -> 0 | AQ38: =IF(OR(J38="",Results!J5=""),"",IF(AND(J38=Results!J5,Results!J5<>Games!$C$13),1,0)) -> 0 | AR38: =IF(OR(K38="",Results!K5=""),"",IF(AND(K38=Results!K5,Results!K5<>Games!$C$14),1,0)) -> 0 | AS38: =IF(OR(L38="",Results!L5=""),"",IF(AND(L38=Results!L5,Results!L5<>Games!$C$15),1,0)) -> 1 | AT38: =IF(OR(M38="",Results!M5=""),"",IF(AND(M38=Results!M5,Results!M5<>Games!$C$16),1,0)) -> 0 | AU38: =IF(OR(N38="",Results!N5=""),"",IF(AND(N38=Results!N5,Results!N5<>Games!$C$17),1,0)) -> 0 | AV38: =SUM(AI38:AU38) -> 1
A39: =INDEX(Players!$D$6:$D$69,MATCH(50,Players!$A$6:$A$69,0)) -> Kyle W. | B39: Georgia Tech | C39: San Jose State | D39: James Madison | E39: Cincinnati | F39: Duke | G39: Auburn | H39: Wyoming | I39: LSU | J39: UNLV | K39: UCLA | L39: Western Kentucky | M39: Ole Miss | N39: SMU | O39: 2 | P39: 9 | Q39: 11 | R39: 57 | S39: =IF(OR(B39="",Results!B5=""),"",IF(B39=Results!B5,1+IF(OR($O39=1,$P39=1,$Q39=1),1,0),0)) -> 0 | T39: =IF(OR(C39="",Results!C5=""),"",IF(C39=Results!C5,1+IF(OR($O39=2,$P39=2,$Q39=2),1,0),0)) -> 2 | U39: =IF(OR(D39="",Results!D5=""),"",IF(D39=Results!D5,1+IF(OR($O39=3,$P39=3,$Q39=3),1,0),0)) -> 1 | V39: =IF(OR(E39="",Results!E5=""),"",IF(E39=Results!E5,1+IF(OR($O39=4,$P39=4,$Q39=4),1,0),0)) -> 1 | W39: =IF(OR(F39="",Results!F5=""),"",IF(F39=Results!F5,1+IF(OR($O39=5,$P39=5,$Q39=5),1,0),0)) -> 1 | X39: =IF(OR(G39="",Results!G5=""),"",IF(G39=Results!G5,1+IF(OR($O39=6,$P39=6,$Q39=6),1,0),0)) -> 1 | Y39: =IF(OR(H39="",Results!H5=""),"",IF(H39=Results!H5,1+IF(OR($O39=7,$P39=7,$Q39=7),1,0),0)) -> 0 | Z39: =IF(OR(I39="",Results!I5=""),"",IF(I39=Results!I5,1+IF(OR($O39=8,$P39=8,$Q39=8),1,0),0)) -> 1 | AA39: =IF(OR(J39="",Results!J5=""),"",IF(J39=Results!J5,1+IF(OR($O39=9,$P39=9,$Q39=9),1,0),0)) -> 2 | AB39: =IF(OR(K39="",Results!K5=""),"",IF(K39=Results!K5,1+IF(OR($O39=10,$P39=10,$Q39=10),1,0),0)) -> 1 | AC39: =IF(OR(L39="",Results!L5=""),"",IF(L39=Results!L5,1+IF(OR($O39=11,$P39=11,$Q39=11),1,0),0)) -> 0 | AD39: =IF(OR(M39="",Results!M5=""),"",IF(M39=Results!M5,1+IF(OR($O39=12,$P39=12,$Q39=12),1,0),0)) -> 1 | AE39: =IF(OR(N39="",Results!N5=""),"",IF(N39=Results!N5,1+IF(OR($O39=13,$P39=13,$Q39=13),1,0),0)) -> 1 | AF39: =SUM(S39:AE39) -> 12 | AG39: =IF(OR($R39="",Results!O5=""),"",ABS($R39-Results!O5)) -> 6 | AH39: 50 | AI39: =IF(OR(B39="",Results!B5=""),"",IF(AND(B39=Results!B5,Results!B5<>Games!$C$5),1,0)) -> 0 | AJ39: =IF(OR(C39="",Results!C5=""),"",IF(AND(C39=Results!C5,Results!C5<>Games!$C$6),1,0)) -> 1 | AK39: =IF(OR(D39="",Results!D5=""),"",IF(AND(D39=Results!D5,Results!D5<>Games!$C$7),1,0)) -> 0 | AL39: =IF(OR(E39="",Results!E5=""),"",IF(AND(E39=Results!E5,Results!E5<>Games!$C$8),1,0)) -> 0 | AM39: =IF(OR(F39="",Results!F5=""),"",IF(AND(F39=Results!F5,Results!F5<>Games!$C$9),1,0)) -> 0 | AN39: =IF(OR(G39="",Results!G5=""),"",IF(AND(G39=Results!G5,Results!G5<>Games!$C$10),1,0)) -> 0 | AO39: =IF(OR(H39="",Results!H5=""),"",IF(AND(H39=Results!H5,Results!H5<>Games!$C$11),1,0)) -> 0 | AP39: =IF(OR(I39="",Results!I5=""),"",IF(AND(I39=Results!I5,Results!I5<>Games!$C$12),1,0)) -> 0 | AQ39: =IF(OR(J39="",Results!J5=""),"",IF(AND(J39=Results!J5,Results!J5<>Games!$C$13),1,0)) -> 0 | AR39: =IF(OR(K39="",Results!K5=""),"",IF(AND(K39=Results!K5,Results!K5<>Games!$C$14),1,0)) -> 0 | AS39: =IF(OR(L39="",Results!L5=""),"",IF(AND(L39=Results!L5,Results!L5<>Games!$C$15),1,0)) -> 0 | AT39: =IF(OR(M39="",Results!M5=""),"",IF(AND(M39=Results!M5,Results!M5<>Games!$C$16),1,0)) -> 0 | AU39: =IF(OR(N39="",Results!N5=""),"",IF(AND(N39=Results!N5,Results!N5<>Games!$C$17),1,0)) -> 0 | AV39: =SUM(AI39:AU39) -> 1
A40: =INDEX(Players!$D$6:$D$69,MATCH(19,Players!$A$6:$A$69,0)) -> Lauren C. | B40: Georgia Tech | C40: Eastern Michigan | D40: James Madison | E40: Cincinnati | F40: Duke | G40: Auburn | H40: Colorado State | I40: LSU | J40: UNLV | K40: UCLA | L40: Western Kentucky | M40: Ole Miss | N40: SMU | O40: 1 | P40: 3 | Q40: 8 | R40: 65 | S40: =IF(OR(B40="",Results!B5=""),"",IF(B40=Results!B5,1+IF(OR($O40=1,$P40=1,$Q40=1),1,0),0)) -> 0 | T40: =IF(OR(C40="",Results!C5=""),"",IF(C40=Results!C5,1+IF(OR($O40=2,$P40=2,$Q40=2),1,0),0)) -> 0 | U40: =IF(OR(D40="",Results!D5=""),"",IF(D40=Results!D5,1+IF(OR($O40=3,$P40=3,$Q40=3),1,0),0)) -> 2 | V40: =IF(OR(E40="",Results!E5=""),"",IF(E40=Results!E5,1+IF(OR($O40=4,$P40=4,$Q40=4),1,0),0)) -> 1 | W40: =IF(OR(F40="",Results!F5=""),"",IF(F40=Results!F5,1+IF(OR($O40=5,$P40=5,$Q40=5),1,0),0)) -> 1 | X40: =IF(OR(G40="",Results!G5=""),"",IF(G40=Results!G5,1+IF(OR($O40=6,$P40=6,$Q40=6),1,0),0)) -> 1 | Y40: =IF(OR(H40="",Results!H5=""),"",IF(H40=Results!H5,1+IF(OR($O40=7,$P40=7,$Q40=7),1,0),0)) -> 1 | Z40: =IF(OR(I40="",Results!I5=""),"",IF(I40=Results!I5,1+IF(OR($O40=8,$P40=8,$Q40=8),1,0),0)) -> 2 | AA40: =IF(OR(J40="",Results!J5=""),"",IF(J40=Results!J5,1+IF(OR($O40=9,$P40=9,$Q40=9),1,0),0)) -> 1 | AB40: =IF(OR(K40="",Results!K5=""),"",IF(K40=Results!K5,1+IF(OR($O40=10,$P40=10,$Q40=10),1,0),0)) -> 1 | AC40: =IF(OR(L40="",Results!L5=""),"",IF(L40=Results!L5,1+IF(OR($O40=11,$P40=11,$Q40=11),1,0),0)) -> 0 | AD40: =IF(OR(M40="",Results!M5=""),"",IF(M40=Results!M5,1+IF(OR($O40=12,$P40=12,$Q40=12),1,0),0)) -> 1 | AE40: =IF(OR(N40="",Results!N5=""),"",IF(N40=Results!N5,1+IF(OR($O40=13,$P40=13,$Q40=13),1,0),0)) -> 1 | AF40: =SUM(S40:AE40) -> 12 | AG40: =IF(OR($R40="",Results!O5=""),"",ABS($R40-Results!O5)) -> 14 | AH40: 19 | AI40: =IF(OR(B40="",Results!B5=""),"",IF(AND(B40=Results!B5,Results!B5<>Games!$C$5),1,0)) -> 0 | AJ40: =IF(OR(C40="",Results!C5=""),"",IF(AND(C40=Results!C5,Results!C5<>Games!$C$6),1,0)) -> 0 | AK40: =IF(OR(D40="",Results!D5=""),"",IF(AND(D40=Results!D5,Results!D5<>Games!$C$7),1,0)) -> 0 | AL40: =IF(OR(E40="",Results!E5=""),"",IF(AND(E40=Results!E5,Results!E5<>Games!$C$8),1,0)) -> 0 | AM40: =IF(OR(F40="",Results!F5=""),"",IF(AND(F40=Results!F5,Results!F5<>Games!$C$9),1,0)) -> 0 | AN40: =IF(OR(G40="",Results!G5=""),"",IF(AND(G40=Results!G5,Results!G5<>Games!$C$10),1,0)) -> 0 | AO40: =IF(OR(H40="",Results!H5=""),"",IF(AND(H40=Results!H5,Results!H5<>Games!$C$11),1,0)) -> 0 | AP40: =IF(OR(I40="",Results!I5=""),"",IF(AND(I40=Results!I5,Results!I5<>Games!$C$12),1,0)) -> 0 | AQ40: =IF(OR(J40="",Results!J5=""),"",IF(AND(J40=Results!J5,Results!J5<>Games!$C$13),1,0)) -> 0 | AR40: =IF(OR(K40="",Results!K5=""),"",IF(AND(K40=Results!K5,Results!K5<>Games!$C$14),1,0)) -> 0 | AS40: =IF(OR(L40="",Results!L5=""),"",IF(AND(L40=Results!L5,Results!L5<>Games!$C$15),1,0)) -> 0 | AT40: =IF(OR(M40="",Results!M5=""),"",IF(AND(M40=Results!M5,Results!M5<>Games!$C$16),1,0)) -> 0 | AU40: =IF(OR(N40="",Results!N5=""),"",IF(AND(N40=Results!N5,Results!N5<>Games!$C$17),1,0)) -> 0 | AV40: =SUM(AI40:AU40) -> 0
A41: =INDEX(Players!$D$6:$D$69,MATCH(20,Players!$A$6:$A$69,0)) -> Lauren P. | B41: Georgia Tech | C41: Eastern Michigan | D41: James Madison | E41: Cincinnati | F41: Duke | G41: Auburn | H41: Colorado State | I41: Clemson | J41: UNLV | K41: California | L41: Nevada | M41: Ole Miss | N41: SMU | O41: 3 | P41: 4 | Q41: 6 | R41: 52 | S41: =IF(OR(B41="",Results!B5=""),"",IF(B41=Results!B5,1+IF(OR($O41=1,$P41=1,$Q41=1),1,0),0)) -> 0 | T41: =IF(OR(C41="",Results!C5=""),"",IF(C41=Results!C5,1+IF(OR($O41=2,$P41=2,$Q41=2),1,0),0)) -> 0 | U41: =IF(OR(D41="",Results!D5=""),"",IF(D41=Results!D5,1+IF(OR($O41=3,$P41=3,$Q41=3),1,0),0)) -> 2 | V41: =IF(OR(E41="",Results!E5=""),"",IF(E41=Results!E5,1+IF(OR($O41=4,$P41=4,$Q41=4),1,0),0)) -> 2 | W41: =IF(OR(F41="",Results!F5=""),"",IF(F41=Results!F5,1+IF(OR($O41=5,$P41=5,$Q41=5),1,0),0)) -> 1 | X41: =IF(OR(G41="",Results!G5=""),"",IF(G41=Results!G5,1+IF(OR($O41=6,$P41=6,$Q41=6),1,0),0)) -> 2 | Y41: =IF(OR(H41="",Results!H5=""),"",IF(H41=Results!H5,1+IF(OR($O41=7,$P41=7,$Q41=7),1,0),0)) -> 1 | Z41: =IF(OR(I41="",Results!I5=""),"",IF(I41=Results!I5,1+IF(OR($O41=8,$P41=8,$Q41=8),1,0),0)) -> 0 | AA41: =IF(OR(J41="",Results!J5=""),"",IF(J41=Results!J5,1+IF(OR($O41=9,$P41=9,$Q41=9),1,0),0)) -> 1 | AB41: =IF(OR(K41="",Results!K5=""),"",IF(K41=Results!K5,1+IF(OR($O41=10,$P41=10,$Q41=10),1,0),0)) -> 0 | AC41: =IF(OR(L41="",Results!L5=""),"",IF(L41=Results!L5,1+IF(OR($O41=11,$P41=11,$Q41=11),1,0),0)) -> 1 | AD41: =IF(OR(M41="",Results!M5=""),"",IF(M41=Results!M5,1+IF(OR($O41=12,$P41=12,$Q41=12),1,0),0)) -> 1 | AE41: =IF(OR(N41="",Results!N5=""),"",IF(N41=Results!N5,1+IF(OR($O41=13,$P41=13,$Q41=13),1,0),0)) -> 1 | AF41: =SUM(S41:AE41) -> 12 | AG41: =IF(OR($R41="",Results!O5=""),"",ABS($R41-Results!O5)) -> 1 | AH41: 20 | AI41: =IF(OR(B41="",Results!B5=""),"",IF(AND(B41=Results!B5,Results!B5<>Games!$C$5),1,0)) -> 0 | AJ41: =IF(OR(C41="",Results!C5=""),"",IF(AND(C41=Results!C5,Results!C5<>Games!$C$6),1,0)) -> 0 | AK41: =IF(OR(D41="",Results!D5=""),"",IF(AND(D41=Results!D5,Results!D5<>Games!$C$7),1,0)) -> 0 | AL41: =IF(OR(E41="",Results!E5=""),"",IF(AND(E41=Results!E5,Results!E5<>Games!$C$8),1,0)) -> 0 | AM41: =IF(OR(F41="",Results!F5=""),"",IF(AND(F41=Results!F5,Results!F5<>Games!$C$9),1,0)) -> 0 | AN41: =IF(OR(G41="",Results!G5=""),"",IF(AND(G41=Results!G5,Results!G5<>Games!$C$10),1,0)) -> 0 | AO41: =IF(OR(H41="",Results!H5=""),"",IF(AND(H41=Results!H5,Results!H5<>Games!$C$11),1,0)) -> 0 | AP41: =IF(OR(I41="",Results!I5=""),"",IF(AND(I41=Results!I5,Results!I5<>Games!$C$12),1,0)) -> 0 | AQ41: =IF(OR(J41="",Results!J5=""),"",IF(AND(J41=Results!J5,Results!J5<>Games!$C$13),1,0)) -> 0 | AR41: =IF(OR(K41="",Results!K5=""),"",IF(AND(K41=Results!K5,Results!K5<>Games!$C$14),1,0)) -> 0 | AS41: =IF(OR(L41="",Results!L5=""),"",IF(AND(L41=Results!L5,Results!L5<>Games!$C$15),1,0)) -> 1 | AT41: =IF(OR(M41="",Results!M5=""),"",IF(AND(M41=Results!M5,Results!M5<>Games!$C$16),1,0)) -> 0 | AU41: =IF(OR(N41="",Results!N5=""),"",IF(AND(N41=Results!N5,Results!N5<>Games!$C$17),1,0)) -> 0 | AV41: =SUM(AI41:AU41) -> 1
A42: =INDEX(Players!$D$6:$D$69,MATCH(21,Players!$A$6:$A$69,0)) -> Lucas D. | B42: Georgia Tech | C42: San Jose State | D42: James Madison | E42: Cincinnati | F42: Duke | G42: Auburn | H42: Colorado State | I42: LSU | J42: UNLV | K42: UCLA | L42: Nevada | M42: Ole Miss | N42: Florida State | O42: 3 | P42: 8 | Q42: 12 | R42: 72 | S42: =IF(OR(B42="",Results!B5=""),"",IF(B42=Results!B5,1+IF(OR($O42=1,$P42=1,$Q42=1),1,0),0)) -> 0 | T42: =IF(OR(C42="",Results!C5=""),"",IF(C42=Results!C5,1+IF(OR($O42=2,$P42=2,$Q42=2),1,0),0)) -> 1 | U42: =IF(OR(D42="",Results!D5=""),"",IF(D42=Results!D5,1+IF(OR($O42=3,$P42=3,$Q42=3),1,0),0)) -> 2 | V42: =IF(OR(E42="",Results!E5=""),"",IF(E42=Results!E5,1+IF(OR($O42=4,$P42=4,$Q42=4),1,0),0)) -> 1 | W42: =IF(OR(F42="",Results!F5=""),"",IF(F42=Results!F5,1+IF(OR($O42=5,$P42=5,$Q42=5),1,0),0)) -> 1 | X42: =IF(OR(G42="",Results!G5=""),"",IF(G42=Results!G5,1+IF(OR($O42=6,$P42=6,$Q42=6),1,0),0)) -> 1 | Y42: =IF(OR(H42="",Results!H5=""),"",IF(H42=Results!H5,1+IF(OR($O42=7,$P42=7,$Q42=7),1,0),0)) -> 1 | Z42: =IF(OR(I42="",Results!I5=""),"",IF(I42=Results!I5,1+IF(OR($O42=8,$P42=8,$Q42=8),1,0),0)) -> 2 | AA42: =IF(OR(J42="",Results!J5=""),"",IF(J42=Results!J5,1+IF(OR($O42=9,$P42=9,$Q42=9),1,0),0)) -> 1 | AB42: =IF(OR(K42="",Results!K5=""),"",IF(K42=Results!K5,1+IF(OR($O42=10,$P42=10,$Q42=10),1,0),0)) -> 1 | AC42: =IF(OR(L42="",Results!L5=""),"",IF(L42=Results!L5,1+IF(OR($O42=11,$P42=11,$Q42=11),1,0),0)) -> 1 | AD42: =IF(OR(M42="",Results!M5=""),"",IF(M42=Results!M5,1+IF(OR($O42=12,$P42=12,$Q42=12),1,0),0)) -> 2 | AE42: =IF(OR(N42="",Results!N5=""),"",IF(N42=Results!N5,1+IF(OR($O42=13,$P42=13,$Q42=13),1,0),0)) -> 0 | AF42: =SUM(S42:AE42) -> 14 | AG42: =IF(OR($R42="",Results!O5=""),"",ABS($R42-Results!O5)) -> 21 | AH42: 21 | AI42: =IF(OR(B42="",Results!B5=""),"",IF(AND(B42=Results!B5,Results!B5<>Games!$C$5),1,0)) -> 0 | AJ42: =IF(OR(C42="",Results!C5=""),"",IF(AND(C42=Results!C5,Results!C5<>Games!$C$6),1,0)) -> 1 | AK42: =IF(OR(D42="",Results!D5=""),"",IF(AND(D42=Results!D5,Results!D5<>Games!$C$7),1,0)) -> 0 | AL42: =IF(OR(E42="",Results!E5=""),"",IF(AND(E42=Results!E5,Results!E5<>Games!$C$8),1,0)) -> 0 | AM42: =IF(OR(F42="",Results!F5=""),"",IF(AND(F42=Results!F5,Results!F5<>Games!$C$9),1,0)) -> 0 | AN42: =IF(OR(G42="",Results!G5=""),"",IF(AND(G42=Results!G5,Results!G5<>Games!$C$10),1,0)) -> 0 | AO42: =IF(OR(H42="",Results!H5=""),"",IF(AND(H42=Results!H5,Results!H5<>Games!$C$11),1,0)) -> 0 | AP42: =IF(OR(I42="",Results!I5=""),"",IF(AND(I42=Results!I5,Results!I5<>Games!$C$12),1,0)) -> 0 | AQ42: =IF(OR(J42="",Results!J5=""),"",IF(AND(J42=Results!J5,Results!J5<>Games!$C$13),1,0)) -> 0 | AR42: =IF(OR(K42="",Results!K5=""),"",IF(AND(K42=Results!K5,Results!K5<>Games!$C$14),1,0)) -> 0 | AS42: =IF(OR(L42="",Results!L5=""),"",IF(AND(L42=Results!L5,Results!L5<>Games!$C$15),1,0)) -> 1 | AT42: =IF(OR(M42="",Results!M5=""),"",IF(AND(M42=Results!M5,Results!M5<>Games!$C$16),1,0)) -> 0 | AU42: =IF(OR(N42="",Results!N5=""),"",IF(AND(N42=Results!N5,Results!N5<>Games!$C$17),1,0)) -> 0 | AV42: =SUM(AI42:AU42) -> 2
A43: =INDEX(Players!$D$6:$D$69,MATCH(22,Players!$A$6:$A$69,0)) -> Lynn P. | B43: Georgia Tech | C43: Eastern Michigan | D43: James Madison | E43: Cincinnati | F43: Duke | G43: Auburn | H43: Colorado State | I43: LSU | J43: UNLV | K43: UCLA | L43: Nevada | M43: Ole Miss | N43: Florida State | O43: 3 | P43: 5 | Q43: 8 | R43: 53 | S43: =IF(OR(B43="",Results!B5=""),"",IF(B43=Results!B5,1+IF(OR($O43=1,$P43=1,$Q43=1),1,0),0)) -> 0 | T43: =IF(OR(C43="",Results!C5=""),"",IF(C43=Results!C5,1+IF(OR($O43=2,$P43=2,$Q43=2),1,0),0)) -> 0 | U43: =IF(OR(D43="",Results!D5=""),"",IF(D43=Results!D5,1+IF(OR($O43=3,$P43=3,$Q43=3),1,0),0)) -> 2 | V43: =IF(OR(E43="",Results!E5=""),"",IF(E43=Results!E5,1+IF(OR($O43=4,$P43=4,$Q43=4),1,0),0)) -> 1 | W43: =IF(OR(F43="",Results!F5=""),"",IF(F43=Results!F5,1+IF(OR($O43=5,$P43=5,$Q43=5),1,0),0)) -> 2 | X43: =IF(OR(G43="",Results!G5=""),"",IF(G43=Results!G5,1+IF(OR($O43=6,$P43=6,$Q43=6),1,0),0)) -> 1 | Y43: =IF(OR(H43="",Results!H5=""),"",IF(H43=Results!H5,1+IF(OR($O43=7,$P43=7,$Q43=7),1,0),0)) -> 1 | Z43: =IF(OR(I43="",Results!I5=""),"",IF(I43=Results!I5,1+IF(OR($O43=8,$P43=8,$Q43=8),1,0),0)) -> 2 | AA43: =IF(OR(J43="",Results!J5=""),"",IF(J43=Results!J5,1+IF(OR($O43=9,$P43=9,$Q43=9),1,0),0)) -> 1 | AB43: =IF(OR(K43="",Results!K5=""),"",IF(K43=Results!K5,1+IF(OR($O43=10,$P43=10,$Q43=10),1,0),0)) -> 1 | AC43: =IF(OR(L43="",Results!L5=""),"",IF(L43=Results!L5,1+IF(OR($O43=11,$P43=11,$Q43=11),1,0),0)) -> 1 | AD43: =IF(OR(M43="",Results!M5=""),"",IF(M43=Results!M5,1+IF(OR($O43=12,$P43=12,$Q43=12),1,0),0)) -> 1 | AE43: =IF(OR(N43="",Results!N5=""),"",IF(N43=Results!N5,1+IF(OR($O43=13,$P43=13,$Q43=13),1,0),0)) -> 0 | AF43: =SUM(S43:AE43) -> 13 | AG43: =IF(OR($R43="",Results!O5=""),"",ABS($R43-Results!O5)) -> 2 | AH43: 22 | AI43: =IF(OR(B43="",Results!B5=""),"",IF(AND(B43=Results!B5,Results!B5<>Games!$C$5),1,0)) -> 0 | AJ43: =IF(OR(C43="",Results!C5=""),"",IF(AND(C43=Results!C5,Results!C5<>Games!$C$6),1,0)) -> 0 | AK43: =IF(OR(D43="",Results!D5=""),"",IF(AND(D43=Results!D5,Results!D5<>Games!$C$7),1,0)) -> 0 | AL43: =IF(OR(E43="",Results!E5=""),"",IF(AND(E43=Results!E5,Results!E5<>Games!$C$8),1,0)) -> 0 | AM43: =IF(OR(F43="",Results!F5=""),"",IF(AND(F43=Results!F5,Results!F5<>Games!$C$9),1,0)) -> 0 | AN43: =IF(OR(G43="",Results!G5=""),"",IF(AND(G43=Results!G5,Results!G5<>Games!$C$10),1,0)) -> 0 | AO43: =IF(OR(H43="",Results!H5=""),"",IF(AND(H43=Results!H5,Results!H5<>Games!$C$11),1,0)) -> 0 | AP43: =IF(OR(I43="",Results!I5=""),"",IF(AND(I43=Results!I5,Results!I5<>Games!$C$12),1,0)) -> 0 | AQ43: =IF(OR(J43="",Results!J5=""),"",IF(AND(J43=Results!J5,Results!J5<>Games!$C$13),1,0)) -> 0 | AR43: =IF(OR(K43="",Results!K5=""),"",IF(AND(K43=Results!K5,Results!K5<>Games!$C$14),1,0)) -> 0 | AS43: =IF(OR(L43="",Results!L5=""),"",IF(AND(L43=Results!L5,Results!L5<>Games!$C$15),1,0)) -> 1 | AT43: =IF(OR(M43="",Results!M5=""),"",IF(AND(M43=Results!M5,Results!M5<>Games!$C$16),1,0)) -> 0 | AU43: =IF(OR(N43="",Results!N5=""),"",IF(AND(N43=Results!N5,Results!N5<>Games!$C$17),1,0)) -> 0 | AV43: =SUM(AI43:AU43) -> 1
A44: =INDEX(Players!$D$6:$D$69,MATCH(23,Players!$A$6:$A$69,0)) -> Martin J. | B44: Georgia Tech | C44: San Jose State | D44: James Madison | E44: Cincinnati | F44: Duke | G44: Auburn | H44: Wyoming | I44: LSU | J44: Hawai'i | K44: UCLA | L44: Western Kentucky | M44: Ole Miss | N44: SMU | O44: 6 | P44: 8 | Q44: 12 | R44: 55 | S44: =IF(OR(B44="",Results!B5=""),"",IF(B44=Results!B5,1+IF(OR($O44=1,$P44=1,$Q44=1),1,0),0)) -> 0 | T44: =IF(OR(C44="",Results!C5=""),"",IF(C44=Results!C5,1+IF(OR($O44=2,$P44=2,$Q44=2),1,0),0)) -> 1 | U44: =IF(OR(D44="",Results!D5=""),"",IF(D44=Results!D5,1+IF(OR($O44=3,$P44=3,$Q44=3),1,0),0)) -> 1 | V44: =IF(OR(E44="",Results!E5=""),"",IF(E44=Results!E5,1+IF(OR($O44=4,$P44=4,$Q44=4),1,0),0)) -> 1 | W44: =IF(OR(F44="",Results!F5=""),"",IF(F44=Results!F5,1+IF(OR($O44=5,$P44=5,$Q44=5),1,0),0)) -> 1 | X44: =IF(OR(G44="",Results!G5=""),"",IF(G44=Results!G5,1+IF(OR($O44=6,$P44=6,$Q44=6),1,0),0)) -> 2 | Y44: =IF(OR(H44="",Results!H5=""),"",IF(H44=Results!H5,1+IF(OR($O44=7,$P44=7,$Q44=7),1,0),0)) -> 0 | Z44: =IF(OR(I44="",Results!I5=""),"",IF(I44=Results!I5,1+IF(OR($O44=8,$P44=8,$Q44=8),1,0),0)) -> 2 | AA44: =IF(OR(J44="",Results!J5=""),"",IF(J44=Results!J5,1+IF(OR($O44=9,$P44=9,$Q44=9),1,0),0)) -> 0 | AB44: =IF(OR(K44="",Results!K5=""),"",IF(K44=Results!K5,1+IF(OR($O44=10,$P44=10,$Q44=10),1,0),0)) -> 1 | AC44: =IF(OR(L44="",Results!L5=""),"",IF(L44=Results!L5,1+IF(OR($O44=11,$P44=11,$Q44=11),1,0),0)) -> 0 | AD44: =IF(OR(M44="",Results!M5=""),"",IF(M44=Results!M5,1+IF(OR($O44=12,$P44=12,$Q44=12),1,0),0)) -> 2 | AE44: =IF(OR(N44="",Results!N5=""),"",IF(N44=Results!N5,1+IF(OR($O44=13,$P44=13,$Q44=13),1,0),0)) -> 1 | AF44: =SUM(S44:AE44) -> 12 | AG44: =IF(OR($R44="",Results!O5=""),"",ABS($R44-Results!O5)) -> 4 | AH44: 23 | AI44: =IF(OR(B44="",Results!B5=""),"",IF(AND(B44=Results!B5,Results!B5<>Games!$C$5),1,0)) -> 0 | AJ44: =IF(OR(C44="",Results!C5=""),"",IF(AND(C44=Results!C5,Results!C5<>Games!$C$6),1,0)) -> 1 | AK44: =IF(OR(D44="",Results!D5=""),"",IF(AND(D44=Results!D5,Results!D5<>Games!$C$7),1,0)) -> 0 | AL44: =IF(OR(E44="",Results!E5=""),"",IF(AND(E44=Results!E5,Results!E5<>Games!$C$8),1,0)) -> 0 | AM44: =IF(OR(F44="",Results!F5=""),"",IF(AND(F44=Results!F5,Results!F5<>Games!$C$9),1,0)) -> 0 | AN44: =IF(OR(G44="",Results!G5=""),"",IF(AND(G44=Results!G5,Results!G5<>Games!$C$10),1,0)) -> 0 | AO44: =IF(OR(H44="",Results!H5=""),"",IF(AND(H44=Results!H5,Results!H5<>Games!$C$11),1,0)) -> 0 | AP44: =IF(OR(I44="",Results!I5=""),"",IF(AND(I44=Results!I5,Results!I5<>Games!$C$12),1,0)) -> 0 | AQ44: =IF(OR(J44="",Results!J5=""),"",IF(AND(J44=Results!J5,Results!J5<>Games!$C$13),1,0)) -> 0 | AR44: =IF(OR(K44="",Results!K5=""),"",IF(AND(K44=Results!K5,Results!K5<>Games!$C$14),1,0)) -> 0 | AS44: =IF(OR(L44="",Results!L5=""),"",IF(AND(L44=Results!L5,Results!L5<>Games!$C$15),1,0)) -> 0 | AT44: =IF(OR(M44="",Results!M5=""),"",IF(AND(M44=Results!M5,Results!M5<>Games!$C$16),1,0)) -> 0 | AU44: =IF(OR(N44="",Results!N5=""),"",IF(AND(N44=Results!N5,Results!N5<>Games!$C$17),1,0)) -> 0 | AV44: =SUM(AI44:AU44) -> 1
A45: =INDEX(Players!$D$6:$D$69,MATCH(24,Players!$A$6:$A$69,0)) -> Matt B. | B45: Georgia Tech | C45: Eastern Michigan | D45: James Madison | E45: Cincinnati | F45: Duke | G45: Auburn | H45: Colorado State | I45: LSU | J45: UNLV | K45: UCLA | L45: Nevada | M45: Ole Miss | N45: SMU | O45: 1 | P45: 6 | Q45: 13 | R45: 56 | S45: =IF(OR(B45="",Results!B5=""),"",IF(B45=Results!B5,1+IF(OR($O45=1,$P45=1,$Q45=1),1,0),0)) -> 0 | T45: =IF(OR(C45="",Results!C5=""),"",IF(C45=Results!C5,1+IF(OR($O45=2,$P45=2,$Q45=2),1,0),0)) -> 0 | U45: =IF(OR(D45="",Results!D5=""),"",IF(D45=Results!D5,1+IF(OR($O45=3,$P45=3,$Q45=3),1,0),0)) -> 1 | V45: =IF(OR(E45="",Results!E5=""),"",IF(E45=Results!E5,1+IF(OR($O45=4,$P45=4,$Q45=4),1,0),0)) -> 1 | W45: =IF(OR(F45="",Results!F5=""),"",IF(F45=Results!F5,1+IF(OR($O45=5,$P45=5,$Q45=5),1,0),0)) -> 1 | X45: =IF(OR(G45="",Results!G5=""),"",IF(G45=Results!G5,1+IF(OR($O45=6,$P45=6,$Q45=6),1,0),0)) -> 2 | Y45: =IF(OR(H45="",Results!H5=""),"",IF(H45=Results!H5,1+IF(OR($O45=7,$P45=7,$Q45=7),1,0),0)) -> 1 | Z45: =IF(OR(I45="",Results!I5=""),"",IF(I45=Results!I5,1+IF(OR($O45=8,$P45=8,$Q45=8),1,0),0)) -> 1 | AA45: =IF(OR(J45="",Results!J5=""),"",IF(J45=Results!J5,1+IF(OR($O45=9,$P45=9,$Q45=9),1,0),0)) -> 1 | AB45: =IF(OR(K45="",Results!K5=""),"",IF(K45=Results!K5,1+IF(OR($O45=10,$P45=10,$Q45=10),1,0),0)) -> 1 | AC45: =IF(OR(L45="",Results!L5=""),"",IF(L45=Results!L5,1+IF(OR($O45=11,$P45=11,$Q45=11),1,0),0)) -> 1 | AD45: =IF(OR(M45="",Results!M5=""),"",IF(M45=Results!M5,1+IF(OR($O45=12,$P45=12,$Q45=12),1,0),0)) -> 1 | AE45: =IF(OR(N45="",Results!N5=""),"",IF(N45=Results!N5,1+IF(OR($O45=13,$P45=13,$Q45=13),1,0),0)) -> 2 | AF45: =SUM(S45:AE45) -> 13 | AG45: =IF(OR($R45="",Results!O5=""),"",ABS($R45-Results!O5)) -> 5 | AH45: 24 | AI45: =IF(OR(B45="",Results!B5=""),"",IF(AND(B45=Results!B5,Results!B5<>Games!$C$5),1,0)) -> 0 | AJ45: =IF(OR(C45="",Results!C5=""),"",IF(AND(C45=Results!C5,Results!C5<>Games!$C$6),1,0)) -> 0 | AK45: =IF(OR(D45="",Results!D5=""),"",IF(AND(D45=Results!D5,Results!D5<>Games!$C$7),1,0)) -> 0 | AL45: =IF(OR(E45="",Results!E5=""),"",IF(AND(E45=Results!E5,Results!E5<>Games!$C$8),1,0)) -> 0 | AM45: =IF(OR(F45="",Results!F5=""),"",IF(AND(F45=Results!F5,Results!F5<>Games!$C$9),1,0)) -> 0 | AN45: =IF(OR(G45="",Results!G5=""),"",IF(AND(G45=Results!G5,Results!G5<>Games!$C$10),1,0)) -> 0 | AO45: =IF(OR(H45="",Results!H5=""),"",IF(AND(H45=Results!H5,Results!H5<>Games!$C$11),1,0)) -> 0 | AP45: =IF(OR(I45="",Results!I5=""),"",IF(AND(I45=Results!I5,Results!I5<>Games!$C$12),1,0)) -> 0 | AQ45: =IF(OR(J45="",Results!J5=""),"",IF(AND(J45=Results!J5,Results!J5<>Games!$C$13),1,0)) -> 0 | AR45: =IF(OR(K45="",Results!K5=""),"",IF(AND(K45=Results!K5,Results!K5<>Games!$C$14),1,0)) -> 0 | AS45: =IF(OR(L45="",Results!L5=""),"",IF(AND(L45=Results!L5,Results!L5<>Games!$C$15),1,0)) -> 1 | AT45: =IF(OR(M45="",Results!M5=""),"",IF(AND(M45=Results!M5,Results!M5<>Games!$C$16),1,0)) -> 0 | AU45: =IF(OR(N45="",Results!N5=""),"",IF(AND(N45=Results!N5,Results!N5<>Games!$C$17),1,0)) -> 0 | AV45: =SUM(AI45:AU45) -> 1
A46: =INDEX(Players!$D$6:$D$69,MATCH(36,Players!$A$6:$A$69,0)) -> Matt C. | B46: Georgia Tech | C46: San Jose State | D46: James Madison | E46: Cincinnati | F46: Duke | G46: Auburn | H46: Wyoming | I46: LSU | J46: Hawai'i | K46: UCLA | L46: Western Kentucky | M46: Ole Miss | N46: SMU | O46: 1 | P46: 4 | Q46: 8 | R46: 56 | S46: =IF(OR(B46="",Results!B5=""),"",IF(B46=Results!B5,1+IF(OR($O46=1,$P46=1,$Q46=1),1,0),0)) -> 0 | T46: =IF(OR(C46="",Results!C5=""),"",IF(C46=Results!C5,1+IF(OR($O46=2,$P46=2,$Q46=2),1,0),0)) -> 1 | U46: =IF(OR(D46="",Results!D5=""),"",IF(D46=Results!D5,1+IF(OR($O46=3,$P46=3,$Q46=3),1,0),0)) -> 1 | V46: =IF(OR(E46="",Results!E5=""),"",IF(E46=Results!E5,1+IF(OR($O46=4,$P46=4,$Q46=4),1,0),0)) -> 2 | W46: =IF(OR(F46="",Results!F5=""),"",IF(F46=Results!F5,1+IF(OR($O46=5,$P46=5,$Q46=5),1,0),0)) -> 1 | X46: =IF(OR(G46="",Results!G5=""),"",IF(G46=Results!G5,1+IF(OR($O46=6,$P46=6,$Q46=6),1,0),0)) -> 1 | Y46: =IF(OR(H46="",Results!H5=""),"",IF(H46=Results!H5,1+IF(OR($O46=7,$P46=7,$Q46=7),1,0),0)) -> 0 | Z46: =IF(OR(I46="",Results!I5=""),"",IF(I46=Results!I5,1+IF(OR($O46=8,$P46=8,$Q46=8),1,0),0)) -> 2 | AA46: =IF(OR(J46="",Results!J5=""),"",IF(J46=Results!J5,1+IF(OR($O46=9,$P46=9,$Q46=9),1,0),0)) -> 0 | AB46: =IF(OR(K46="",Results!K5=""),"",IF(K46=Results!K5,1+IF(OR($O46=10,$P46=10,$Q46=10),1,0),0)) -> 1 | AC46: =IF(OR(L46="",Results!L5=""),"",IF(L46=Results!L5,1+IF(OR($O46=11,$P46=11,$Q46=11),1,0),0)) -> 0 | AD46: =IF(OR(M46="",Results!M5=""),"",IF(M46=Results!M5,1+IF(OR($O46=12,$P46=12,$Q46=12),1,0),0)) -> 1 | AE46: =IF(OR(N46="",Results!N5=""),"",IF(N46=Results!N5,1+IF(OR($O46=13,$P46=13,$Q46=13),1,0),0)) -> 1 | AF46: =SUM(S46:AE46) -> 11 | AG46: =IF(OR($R46="",Results!O5=""),"",ABS($R46-Results!O5)) -> 5 | AH46: 36 | AI46: =IF(OR(B46="",Results!B5=""),"",IF(AND(B46=Results!B5,Results!B5<>Games!$C$5),1,0)) -> 0 | AJ46: =IF(OR(C46="",Results!C5=""),"",IF(AND(C46=Results!C5,Results!C5<>Games!$C$6),1,0)) -> 1 | AK46: =IF(OR(D46="",Results!D5=""),"",IF(AND(D46=Results!D5,Results!D5<>Games!$C$7),1,0)) -> 0 | AL46: =IF(OR(E46="",Results!E5=""),"",IF(AND(E46=Results!E5,Results!E5<>Games!$C$8),1,0)) -> 0 | AM46: =IF(OR(F46="",Results!F5=""),"",IF(AND(F46=Results!F5,Results!F5<>Games!$C$9),1,0)) -> 0 | AN46: =IF(OR(G46="",Results!G5=""),"",IF(AND(G46=Results!G5,Results!G5<>Games!$C$10),1,0)) -> 0 | AO46: =IF(OR(H46="",Results!H5=""),"",IF(AND(H46=Results!H5,Results!H5<>Games!$C$11),1,0)) -> 0 | AP46: =IF(OR(I46="",Results!I5=""),"",IF(AND(I46=Results!I5,Results!I5<>Games!$C$12),1,0)) -> 0 | AQ46: =IF(OR(J46="",Results!J5=""),"",IF(AND(J46=Results!J5,Results!J5<>Games!$C$13),1,0)) -> 0 | AR46: =IF(OR(K46="",Results!K5=""),"",IF(AND(K46=Results!K5,Results!K5<>Games!$C$14),1,0)) -> 0 | AS46: =IF(OR(L46="",Results!L5=""),"",IF(AND(L46=Results!L5,Results!L5<>Games!$C$15),1,0)) -> 0 | AT46: =IF(OR(M46="",Results!M5=""),"",IF(AND(M46=Results!M5,Results!M5<>Games!$C$16),1,0)) -> 0 | AU46: =IF(OR(N46="",Results!N5=""),"",IF(AND(N46=Results!N5,Results!N5<>Games!$C$17),1,0)) -> 0 | AV46: =SUM(AI46:AU46) -> 1
A47: =INDEX(Players!$D$6:$D$69,MATCH(25,Players!$A$6:$A$69,0)) -> Max R. | B47: Georgia Tech | C47: San Jose State | D47: James Madison | E47: Cincinnati | F47: Duke | G47: Baylor | H47: Colorado State | I47: LSU | J47: UNLV | K47: California | L47: Nevada | M47: Ole Miss | N47: Florida State | O47: 3 | P47: 8 | Q47: 12 | R47: 52 | S47: =IF(OR(B47="",Results!B5=""),"",IF(B47=Results!B5,1+IF(OR($O47=1,$P47=1,$Q47=1),1,0),0)) -> 0 | T47: =IF(OR(C47="",Results!C5=""),"",IF(C47=Results!C5,1+IF(OR($O47=2,$P47=2,$Q47=2),1,0),0)) -> 1 | U47: =IF(OR(D47="",Results!D5=""),"",IF(D47=Results!D5,1+IF(OR($O47=3,$P47=3,$Q47=3),1,0),0)) -> 2 | V47: =IF(OR(E47="",Results!E5=""),"",IF(E47=Results!E5,1+IF(OR($O47=4,$P47=4,$Q47=4),1,0),0)) -> 1 | W47: =IF(OR(F47="",Results!F5=""),"",IF(F47=Results!F5,1+IF(OR($O47=5,$P47=5,$Q47=5),1,0),0)) -> 1 | X47: =IF(OR(G47="",Results!G5=""),"",IF(G47=Results!G5,1+IF(OR($O47=6,$P47=6,$Q47=6),1,0),0)) -> 0 | Y47: =IF(OR(H47="",Results!H5=""),"",IF(H47=Results!H5,1+IF(OR($O47=7,$P47=7,$Q47=7),1,0),0)) -> 1 | Z47: =IF(OR(I47="",Results!I5=""),"",IF(I47=Results!I5,1+IF(OR($O47=8,$P47=8,$Q47=8),1,0),0)) -> 2 | AA47: =IF(OR(J47="",Results!J5=""),"",IF(J47=Results!J5,1+IF(OR($O47=9,$P47=9,$Q47=9),1,0),0)) -> 1 | AB47: =IF(OR(K47="",Results!K5=""),"",IF(K47=Results!K5,1+IF(OR($O47=10,$P47=10,$Q47=10),1,0),0)) -> 0 | AC47: =IF(OR(L47="",Results!L5=""),"",IF(L47=Results!L5,1+IF(OR($O47=11,$P47=11,$Q47=11),1,0),0)) -> 1 | AD47: =IF(OR(M47="",Results!M5=""),"",IF(M47=Results!M5,1+IF(OR($O47=12,$P47=12,$Q47=12),1,0),0)) -> 2 | AE47: =IF(OR(N47="",Results!N5=""),"",IF(N47=Results!N5,1+IF(OR($O47=13,$P47=13,$Q47=13),1,0),0)) -> 0 | AF47: =SUM(S47:AE47) -> 12 | AG47: =IF(OR($R47="",Results!O5=""),"",ABS($R47-Results!O5)) -> 1 | AH47: 25 | AI47: =IF(OR(B47="",Results!B5=""),"",IF(AND(B47=Results!B5,Results!B5<>Games!$C$5),1,0)) -> 0 | AJ47: =IF(OR(C47="",Results!C5=""),"",IF(AND(C47=Results!C5,Results!C5<>Games!$C$6),1,0)) -> 1 | AK47: =IF(OR(D47="",Results!D5=""),"",IF(AND(D47=Results!D5,Results!D5<>Games!$C$7),1,0)) -> 0 | AL47: =IF(OR(E47="",Results!E5=""),"",IF(AND(E47=Results!E5,Results!E5<>Games!$C$8),1,0)) -> 0 | AM47: =IF(OR(F47="",Results!F5=""),"",IF(AND(F47=Results!F5,Results!F5<>Games!$C$9),1,0)) -> 0 | AN47: =IF(OR(G47="",Results!G5=""),"",IF(AND(G47=Results!G5,Results!G5<>Games!$C$10),1,0)) -> 0 | AO47: =IF(OR(H47="",Results!H5=""),"",IF(AND(H47=Results!H5,Results!H5<>Games!$C$11),1,0)) -> 0 | AP47: =IF(OR(I47="",Results!I5=""),"",IF(AND(I47=Results!I5,Results!I5<>Games!$C$12),1,0)) -> 0 | AQ47: =IF(OR(J47="",Results!J5=""),"",IF(AND(J47=Results!J5,Results!J5<>Games!$C$13),1,0)) -> 0 | AR47: =IF(OR(K47="",Results!K5=""),"",IF(AND(K47=Results!K5,Results!K5<>Games!$C$14),1,0)) -> 0 | AS47: =IF(OR(L47="",Results!L5=""),"",IF(AND(L47=Results!L5,Results!L5<>Games!$C$15),1,0)) -> 1 | AT47: =IF(OR(M47="",Results!M5=""),"",IF(AND(M47=Results!M5,Results!M5<>Games!$C$16),1,0)) -> 0 | AU47: =IF(OR(N47="",Results!N5=""),"",IF(AND(N47=Results!N5,Results!N5<>Games!$C$17),1,0)) -> 0 | AV47: =SUM(AI47:AU47) -> 2
A48: =INDEX(Players!$D$6:$D$69,MATCH(56,Players!$A$6:$A$69,0)) -> Merritt E. | B48: Georgia Tech | C48: Eastern Michigan | D48: James Madison | E48: Cincinnati | F48: Tulane | G48: Auburn | H48: Colorado State | I48: LSU | J48: UNLV | K48: California | L48: Western Kentucky | M48: Ole Miss | N48: SMU | O48: 1 | P48: 8 | Q48: 12 | R48: 56 | S48: =IF(OR(B48="",Results!B5=""),"",IF(B48=Results!B5,1+IF(OR($O48=1,$P48=1,$Q48=1),1,0),0)) -> 0 | T48: =IF(OR(C48="",Results!C5=""),"",IF(C48=Results!C5,1+IF(OR($O48=2,$P48=2,$Q48=2),1,0),0)) -> 0 | U48: =IF(OR(D48="",Results!D5=""),"",IF(D48=Results!D5,1+IF(OR($O48=3,$P48=3,$Q48=3),1,0),0)) -> 1 | V48: =IF(OR(E48="",Results!E5=""),"",IF(E48=Results!E5,1+IF(OR($O48=4,$P48=4,$Q48=4),1,0),0)) -> 1 | W48: =IF(OR(F48="",Results!F5=""),"",IF(F48=Results!F5,1+IF(OR($O48=5,$P48=5,$Q48=5),1,0),0)) -> 0 | X48: =IF(OR(G48="",Results!G5=""),"",IF(G48=Results!G5,1+IF(OR($O48=6,$P48=6,$Q48=6),1,0),0)) -> 1 | Y48: =IF(OR(H48="",Results!H5=""),"",IF(H48=Results!H5,1+IF(OR($O48=7,$P48=7,$Q48=7),1,0),0)) -> 1 | Z48: =IF(OR(I48="",Results!I5=""),"",IF(I48=Results!I5,1+IF(OR($O48=8,$P48=8,$Q48=8),1,0),0)) -> 2 | AA48: =IF(OR(J48="",Results!J5=""),"",IF(J48=Results!J5,1+IF(OR($O48=9,$P48=9,$Q48=9),1,0),0)) -> 1 | AB48: =IF(OR(K48="",Results!K5=""),"",IF(K48=Results!K5,1+IF(OR($O48=10,$P48=10,$Q48=10),1,0),0)) -> 0 | AC48: =IF(OR(L48="",Results!L5=""),"",IF(L48=Results!L5,1+IF(OR($O48=11,$P48=11,$Q48=11),1,0),0)) -> 0 | AD48: =IF(OR(M48="",Results!M5=""),"",IF(M48=Results!M5,1+IF(OR($O48=12,$P48=12,$Q48=12),1,0),0)) -> 2 | AE48: =IF(OR(N48="",Results!N5=""),"",IF(N48=Results!N5,1+IF(OR($O48=13,$P48=13,$Q48=13),1,0),0)) -> 1 | AF48: =SUM(S48:AE48) -> 10 | AG48: =IF(OR($R48="",Results!O5=""),"",ABS($R48-Results!O5)) -> 5 | AH48: 56 | AI48: =IF(OR(B48="",Results!B5=""),"",IF(AND(B48=Results!B5,Results!B5<>Games!$C$5),1,0)) -> 0 | AJ48: =IF(OR(C48="",Results!C5=""),"",IF(AND(C48=Results!C5,Results!C5<>Games!$C$6),1,0)) -> 0 | AK48: =IF(OR(D48="",Results!D5=""),"",IF(AND(D48=Results!D5,Results!D5<>Games!$C$7),1,0)) -> 0 | AL48: =IF(OR(E48="",Results!E5=""),"",IF(AND(E48=Results!E5,Results!E5<>Games!$C$8),1,0)) -> 0 | AM48: =IF(OR(F48="",Results!F5=""),"",IF(AND(F48=Results!F5,Results!F5<>Games!$C$9),1,0)) -> 0 | AN48: =IF(OR(G48="",Results!G5=""),"",IF(AND(G48=Results!G5,Results!G5<>Games!$C$10),1,0)) -> 0 | AO48: =IF(OR(H48="",Results!H5=""),"",IF(AND(H48=Results!H5,Results!H5<>Games!$C$11),1,0)) -> 0 | AP48: =IF(OR(I48="",Results!I5=""),"",IF(AND(I48=Results!I5,Results!I5<>Games!$C$12),1,0)) -> 0 | AQ48: =IF(OR(J48="",Results!J5=""),"",IF(AND(J48=Results!J5,Results!J5<>Games!$C$13),1,0)) -> 0 | AR48: =IF(OR(K48="",Results!K5=""),"",IF(AND(K48=Results!K5,Results!K5<>Games!$C$14),1,0)) -> 0 | AS48: =IF(OR(L48="",Results!L5=""),"",IF(AND(L48=Results!L5,Results!L5<>Games!$C$15),1,0)) -> 0 | AT48: =IF(OR(M48="",Results!M5=""),"",IF(AND(M48=Results!M5,Results!M5<>Games!$C$16),1,0)) -> 0 | AU48: =IF(OR(N48="",Results!N5=""),"",IF(AND(N48=Results!N5,Results!N5<>Games!$C$17),1,0)) -> 0 | AV48: =SUM(AI48:AU48) -> 0
A49: =INDEX(Players!$D$6:$D$69,MATCH(34,Players!$A$6:$A$69,0)) -> Mike B. | B49: Georgia Tech | C49: San Jose State | D49: James Madison | E49: Cincinnati | F49: Duke | G49: Auburn | H49: Colorado State | I49: LSU | J49: UNLV | K49: UCLA | L49: Western Kentucky | M49: Louisville | N49: SMU | O49: 1 | P49: 4 | Q49: 6 | R49: 54 | S49: =IF(OR(B49="",Results!B5=""),"",IF(B49=Results!B5,1+IF(OR($O49=1,$P49=1,$Q49=1),1,0),0)) -> 0 | T49: =IF(OR(C49="",Results!C5=""),"",IF(C49=Results!C5,1+IF(OR($O49=2,$P49=2,$Q49=2),1,0),0)) -> 1 | U49: =IF(OR(D49="",Results!D5=""),"",IF(D49=Results!D5,1+IF(OR($O49=3,$P49=3,$Q49=3),1,0),0)) -> 1 | V49: =IF(OR(E49="",Results!E5=""),"",IF(E49=Results!E5,1+IF(OR($O49=4,$P49=4,$Q49=4),1,0),0)) -> 2 | W49: =IF(OR(F49="",Results!F5=""),"",IF(F49=Results!F5,1+IF(OR($O49=5,$P49=5,$Q49=5),1,0),0)) -> 1 | X49: =IF(OR(G49="",Results!G5=""),"",IF(G49=Results!G5,1+IF(OR($O49=6,$P49=6,$Q49=6),1,0),0)) -> 2 | Y49: =IF(OR(H49="",Results!H5=""),"",IF(H49=Results!H5,1+IF(OR($O49=7,$P49=7,$Q49=7),1,0),0)) -> 1 | Z49: =IF(OR(I49="",Results!I5=""),"",IF(I49=Results!I5,1+IF(OR($O49=8,$P49=8,$Q49=8),1,0),0)) -> 1 | AA49: =IF(OR(J49="",Results!J5=""),"",IF(J49=Results!J5,1+IF(OR($O49=9,$P49=9,$Q49=9),1,0),0)) -> 1 | AB49: =IF(OR(K49="",Results!K5=""),"",IF(K49=Results!K5,1+IF(OR($O49=10,$P49=10,$Q49=10),1,0),0)) -> 1 | AC49: =IF(OR(L49="",Results!L5=""),"",IF(L49=Results!L5,1+IF(OR($O49=11,$P49=11,$Q49=11),1,0),0)) -> 0 | AD49: =IF(OR(M49="",Results!M5=""),"",IF(M49=Results!M5,1+IF(OR($O49=12,$P49=12,$Q49=12),1,0),0)) -> 0 | AE49: =IF(OR(N49="",Results!N5=""),"",IF(N49=Results!N5,1+IF(OR($O49=13,$P49=13,$Q49=13),1,0),0)) -> 1 | AF49: =SUM(S49:AE49) -> 12 | AG49: =IF(OR($R49="",Results!O5=""),"",ABS($R49-Results!O5)) -> 3 | AH49: 34 | AI49: =IF(OR(B49="",Results!B5=""),"",IF(AND(B49=Results!B5,Results!B5<>Games!$C$5),1,0)) -> 0 | AJ49: =IF(OR(C49="",Results!C5=""),"",IF(AND(C49=Results!C5,Results!C5<>Games!$C$6),1,0)) -> 1 | AK49: =IF(OR(D49="",Results!D5=""),"",IF(AND(D49=Results!D5,Results!D5<>Games!$C$7),1,0)) -> 0 | AL49: =IF(OR(E49="",Results!E5=""),"",IF(AND(E49=Results!E5,Results!E5<>Games!$C$8),1,0)) -> 0 | AM49: =IF(OR(F49="",Results!F5=""),"",IF(AND(F49=Results!F5,Results!F5<>Games!$C$9),1,0)) -> 0 | AN49: =IF(OR(G49="",Results!G5=""),"",IF(AND(G49=Results!G5,Results!G5<>Games!$C$10),1,0)) -> 0 | AO49: =IF(OR(H49="",Results!H5=""),"",IF(AND(H49=Results!H5,Results!H5<>Games!$C$11),1,0)) -> 0 | AP49: =IF(OR(I49="",Results!I5=""),"",IF(AND(I49=Results!I5,Results!I5<>Games!$C$12),1,0)) -> 0 | AQ49: =IF(OR(J49="",Results!J5=""),"",IF(AND(J49=Results!J5,Results!J5<>Games!$C$13),1,0)) -> 0 | AR49: =IF(OR(K49="",Results!K5=""),"",IF(AND(K49=Results!K5,Results!K5<>Games!$C$14),1,0)) -> 0 | AS49: =IF(OR(L49="",Results!L5=""),"",IF(AND(L49=Results!L5,Results!L5<>Games!$C$15),1,0)) -> 0 | AT49: =IF(OR(M49="",Results!M5=""),"",IF(AND(M49=Results!M5,Results!M5<>Games!$C$16),1,0)) -> 0 | AU49: =IF(OR(N49="",Results!N5=""),"",IF(AND(N49=Results!N5,Results!N5<>Games!$C$17),1,0)) -> 0 | AV49: =SUM(AI49:AU49) -> 1
A50: =INDEX(Players!$D$6:$D$69,MATCH(40,Players!$A$6:$A$69,0)) -> Mike C. | B50: Georgia Tech | C50: Eastern Michigan | D50: James Madison | E50: Cincinnati | F50: Duke | G50: Auburn | H50: Colorado State | I50: LSU | J50: UNLV | K50: UCLA | L50: Nevada | M50: Ole Miss | N50: Florida State | O50: 3 | P50: 5 | Q50: 6 | R50: 61 | S50: =IF(OR(B50="",Results!B5=""),"",IF(B50=Results!B5,1+IF(OR($O50=1,$P50=1,$Q50=1),1,0),0)) -> 0 | T50: =IF(OR(C50="",Results!C5=""),"",IF(C50=Results!C5,1+IF(OR($O50=2,$P50=2,$Q50=2),1,0),0)) -> 0 | U50: =IF(OR(D50="",Results!D5=""),"",IF(D50=Results!D5,1+IF(OR($O50=3,$P50=3,$Q50=3),1,0),0)) -> 2 | V50: =IF(OR(E50="",Results!E5=""),"",IF(E50=Results!E5,1+IF(OR($O50=4,$P50=4,$Q50=4),1,0),0)) -> 1 | W50: =IF(OR(F50="",Results!F5=""),"",IF(F50=Results!F5,1+IF(OR($O50=5,$P50=5,$Q50=5),1,0),0)) -> 2 | X50: =IF(OR(G50="",Results!G5=""),"",IF(G50=Results!G5,1+IF(OR($O50=6,$P50=6,$Q50=6),1,0),0)) -> 2 | Y50: =IF(OR(H50="",Results!H5=""),"",IF(H50=Results!H5,1+IF(OR($O50=7,$P50=7,$Q50=7),1,0),0)) -> 1 | Z50: =IF(OR(I50="",Results!I5=""),"",IF(I50=Results!I5,1+IF(OR($O50=8,$P50=8,$Q50=8),1,0),0)) -> 1 | AA50: =IF(OR(J50="",Results!J5=""),"",IF(J50=Results!J5,1+IF(OR($O50=9,$P50=9,$Q50=9),1,0),0)) -> 1 | AB50: =IF(OR(K50="",Results!K5=""),"",IF(K50=Results!K5,1+IF(OR($O50=10,$P50=10,$Q50=10),1,0),0)) -> 1 | AC50: =IF(OR(L50="",Results!L5=""),"",IF(L50=Results!L5,1+IF(OR($O50=11,$P50=11,$Q50=11),1,0),0)) -> 1 | AD50: =IF(OR(M50="",Results!M5=""),"",IF(M50=Results!M5,1+IF(OR($O50=12,$P50=12,$Q50=12),1,0),0)) -> 1 | AE50: =IF(OR(N50="",Results!N5=""),"",IF(N50=Results!N5,1+IF(OR($O50=13,$P50=13,$Q50=13),1,0),0)) -> 0 | AF50: =SUM(S50:AE50) -> 13 | AG50: =IF(OR($R50="",Results!O5=""),"",ABS($R50-Results!O5)) -> 10 | AH50: 40 | AI50: =IF(OR(B50="",Results!B5=""),"",IF(AND(B50=Results!B5,Results!B5<>Games!$C$5),1,0)) -> 0 | AJ50: =IF(OR(C50="",Results!C5=""),"",IF(AND(C50=Results!C5,Results!C5<>Games!$C$6),1,0)) -> 0 | AK50: =IF(OR(D50="",Results!D5=""),"",IF(AND(D50=Results!D5,Results!D5<>Games!$C$7),1,0)) -> 0 | AL50: =IF(OR(E50="",Results!E5=""),"",IF(AND(E50=Results!E5,Results!E5<>Games!$C$8),1,0)) -> 0 | AM50: =IF(OR(F50="",Results!F5=""),"",IF(AND(F50=Results!F5,Results!F5<>Games!$C$9),1,0)) -> 0 | AN50: =IF(OR(G50="",Results!G5=""),"",IF(AND(G50=Results!G5,Results!G5<>Games!$C$10),1,0)) -> 0 | AO50: =IF(OR(H50="",Results!H5=""),"",IF(AND(H50=Results!H5,Results!H5<>Games!$C$11),1,0)) -> 0 | AP50: =IF(OR(I50="",Results!I5=""),"",IF(AND(I50=Results!I5,Results!I5<>Games!$C$12),1,0)) -> 0 | AQ50: =IF(OR(J50="",Results!J5=""),"",IF(AND(J50=Results!J5,Results!J5<>Games!$C$13),1,0)) -> 0 | AR50: =IF(OR(K50="",Results!K5=""),"",IF(AND(K50=Results!K5,Results!K5<>Games!$C$14),1,0)) -> 0 | AS50: =IF(OR(L50="",Results!L5=""),"",IF(AND(L50=Results!L5,Results!L5<>Games!$C$15),1,0)) -> 1 | AT50: =IF(OR(M50="",Results!M5=""),"",IF(AND(M50=Results!M5,Results!M5<>Games!$C$16),1,0)) -> 0 | AU50: =IF(OR(N50="",Results!N5=""),"",IF(AND(N50=Results!N5,Results!N5<>Games!$C$17),1,0)) -> 0 | AV50: =SUM(AI50:AU50) -> 1
A51: =INDEX(Players!$D$6:$D$69,MATCH(42,Players!$A$6:$A$69,0)) -> Nathan P. | B51: Georgia Tech | C51: San Jose State | D51: James Madison | E51: Cincinnati | F51: Duke | G51: Auburn | H51: Wyoming | I51: LSU | J51: UNLV | K51: California | L51: Western Kentucky | M51: Ole Miss | N51: SMU | O51: 9 | P51: 13 | Q51: 8 | R51: 60 | S51: =IF(OR(B51="",Results!B5=""),"",IF(B51=Results!B5,1+IF(OR($O51=1,$P51=1,$Q51=1),1,0),0)) -> 0 | T51: =IF(OR(C51="",Results!C5=""),"",IF(C51=Results!C5,1+IF(OR($O51=2,$P51=2,$Q51=2),1,0),0)) -> 1 | U51: =IF(OR(D51="",Results!D5=""),"",IF(D51=Results!D5,1+IF(OR($O51=3,$P51=3,$Q51=3),1,0),0)) -> 1 | V51: =IF(OR(E51="",Results!E5=""),"",IF(E51=Results!E5,1+IF(OR($O51=4,$P51=4,$Q51=4),1,0),0)) -> 1 | W51: =IF(OR(F51="",Results!F5=""),"",IF(F51=Results!F5,1+IF(OR($O51=5,$P51=5,$Q51=5),1,0),0)) -> 1 | X51: =IF(OR(G51="",Results!G5=""),"",IF(G51=Results!G5,1+IF(OR($O51=6,$P51=6,$Q51=6),1,0),0)) -> 1 | Y51: =IF(OR(H51="",Results!H5=""),"",IF(H51=Results!H5,1+IF(OR($O51=7,$P51=7,$Q51=7),1,0),0)) -> 0 | Z51: =IF(OR(I51="",Results!I5=""),"",IF(I51=Results!I5,1+IF(OR($O51=8,$P51=8,$Q51=8),1,0),0)) -> 2 | AA51: =IF(OR(J51="",Results!J5=""),"",IF(J51=Results!J5,1+IF(OR($O51=9,$P51=9,$Q51=9),1,0),0)) -> 2 | AB51: =IF(OR(K51="",Results!K5=""),"",IF(K51=Results!K5,1+IF(OR($O51=10,$P51=10,$Q51=10),1,0),0)) -> 0 | AC51: =IF(OR(L51="",Results!L5=""),"",IF(L51=Results!L5,1+IF(OR($O51=11,$P51=11,$Q51=11),1,0),0)) -> 0 | AD51: =IF(OR(M51="",Results!M5=""),"",IF(M51=Results!M5,1+IF(OR($O51=12,$P51=12,$Q51=12),1,0),0)) -> 1 | AE51: =IF(OR(N51="",Results!N5=""),"",IF(N51=Results!N5,1+IF(OR($O51=13,$P51=13,$Q51=13),1,0),0)) -> 2 | AF51: =SUM(S51:AE51) -> 12 | AG51: =IF(OR($R51="",Results!O5=""),"",ABS($R51-Results!O5)) -> 9 | AH51: 42 | AI51: =IF(OR(B51="",Results!B5=""),"",IF(AND(B51=Results!B5,Results!B5<>Games!$C$5),1,0)) -> 0 | AJ51: =IF(OR(C51="",Results!C5=""),"",IF(AND(C51=Results!C5,Results!C5<>Games!$C$6),1,0)) -> 1 | AK51: =IF(OR(D51="",Results!D5=""),"",IF(AND(D51=Results!D5,Results!D5<>Games!$C$7),1,0)) -> 0 | AL51: =IF(OR(E51="",Results!E5=""),"",IF(AND(E51=Results!E5,Results!E5<>Games!$C$8),1,0)) -> 0 | AM51: =IF(OR(F51="",Results!F5=""),"",IF(AND(F51=Results!F5,Results!F5<>Games!$C$9),1,0)) -> 0 | AN51: =IF(OR(G51="",Results!G5=""),"",IF(AND(G51=Results!G5,Results!G5<>Games!$C$10),1,0)) -> 0 | AO51: =IF(OR(H51="",Results!H5=""),"",IF(AND(H51=Results!H5,Results!H5<>Games!$C$11),1,0)) -> 0 | AP51: =IF(OR(I51="",Results!I5=""),"",IF(AND(I51=Results!I5,Results!I5<>Games!$C$12),1,0)) -> 0 | AQ51: =IF(OR(J51="",Results!J5=""),"",IF(AND(J51=Results!J5,Results!J5<>Games!$C$13),1,0)) -> 0 | AR51: =IF(OR(K51="",Results!K5=""),"",IF(AND(K51=Results!K5,Results!K5<>Games!$C$14),1,0)) -> 0 | AS51: =IF(OR(L51="",Results!L5=""),"",IF(AND(L51=Results!L5,Results!L5<>Games!$C$15),1,0)) -> 0 | AT51: =IF(OR(M51="",Results!M5=""),"",IF(AND(M51=Results!M5,Results!M5<>Games!$C$16),1,0)) -> 0 | AU51: =IF(OR(N51="",Results!N5=""),"",IF(AND(N51=Results!N5,Results!N5<>Games!$C$17),1,0)) -> 0 | AV51: =SUM(AI51:AU51) -> 1
A52: =INDEX(Players!$D$6:$D$69,MATCH(27,Players!$A$6:$A$69,0)) -> Nick P. | B52: Georgia Tech | C52: San Jose State | D52: James Madison | E52: Cincinnati | F52: Duke | G52: Auburn | H52: Colorado State | I52: Clemson | J52: Hawai'i | K52: California | L52: Nevada | M52: Ole Miss | N52: SMU | O52: 5 | P52: 6 | Q52: 10 | R52: 57 | S52: =IF(OR(B52="",Results!B5=""),"",IF(B52=Results!B5,1+IF(OR($O52=1,$P52=1,$Q52=1),1,0),0)) -> 0 | T52: =IF(OR(C52="",Results!C5=""),"",IF(C52=Results!C5,1+IF(OR($O52=2,$P52=2,$Q52=2),1,0),0)) -> 1 | U52: =IF(OR(D52="",Results!D5=""),"",IF(D52=Results!D5,1+IF(OR($O52=3,$P52=3,$Q52=3),1,0),0)) -> 1 | V52: =IF(OR(E52="",Results!E5=""),"",IF(E52=Results!E5,1+IF(OR($O52=4,$P52=4,$Q52=4),1,0),0)) -> 1 | W52: =IF(OR(F52="",Results!F5=""),"",IF(F52=Results!F5,1+IF(OR($O52=5,$P52=5,$Q52=5),1,0),0)) -> 2 | X52: =IF(OR(G52="",Results!G5=""),"",IF(G52=Results!G5,1+IF(OR($O52=6,$P52=6,$Q52=6),1,0),0)) -> 2 | Y52: =IF(OR(H52="",Results!H5=""),"",IF(H52=Results!H5,1+IF(OR($O52=7,$P52=7,$Q52=7),1,0),0)) -> 1 | Z52: =IF(OR(I52="",Results!I5=""),"",IF(I52=Results!I5,1+IF(OR($O52=8,$P52=8,$Q52=8),1,0),0)) -> 0 | AA52: =IF(OR(J52="",Results!J5=""),"",IF(J52=Results!J5,1+IF(OR($O52=9,$P52=9,$Q52=9),1,0),0)) -> 0 | AB52: =IF(OR(K52="",Results!K5=""),"",IF(K52=Results!K5,1+IF(OR($O52=10,$P52=10,$Q52=10),1,0),0)) -> 0 | AC52: =IF(OR(L52="",Results!L5=""),"",IF(L52=Results!L5,1+IF(OR($O52=11,$P52=11,$Q52=11),1,0),0)) -> 1 | AD52: =IF(OR(M52="",Results!M5=""),"",IF(M52=Results!M5,1+IF(OR($O52=12,$P52=12,$Q52=12),1,0),0)) -> 1 | AE52: =IF(OR(N52="",Results!N5=""),"",IF(N52=Results!N5,1+IF(OR($O52=13,$P52=13,$Q52=13),1,0),0)) -> 1 | AF52: =SUM(S52:AE52) -> 11 | AG52: =IF(OR($R52="",Results!O5=""),"",ABS($R52-Results!O5)) -> 6 | AH52: 27 | AI52: =IF(OR(B52="",Results!B5=""),"",IF(AND(B52=Results!B5,Results!B5<>Games!$C$5),1,0)) -> 0 | AJ52: =IF(OR(C52="",Results!C5=""),"",IF(AND(C52=Results!C5,Results!C5<>Games!$C$6),1,0)) -> 1 | AK52: =IF(OR(D52="",Results!D5=""),"",IF(AND(D52=Results!D5,Results!D5<>Games!$C$7),1,0)) -> 0 | AL52: =IF(OR(E52="",Results!E5=""),"",IF(AND(E52=Results!E5,Results!E5<>Games!$C$8),1,0)) -> 0 | AM52: =IF(OR(F52="",Results!F5=""),"",IF(AND(F52=Results!F5,Results!F5<>Games!$C$9),1,0)) -> 0 | AN52: =IF(OR(G52="",Results!G5=""),"",IF(AND(G52=Results!G5,Results!G5<>Games!$C$10),1,0)) -> 0 | AO52: =IF(OR(H52="",Results!H5=""),"",IF(AND(H52=Results!H5,Results!H5<>Games!$C$11),1,0)) -> 0 | AP52: =IF(OR(I52="",Results!I5=""),"",IF(AND(I52=Results!I5,Results!I5<>Games!$C$12),1,0)) -> 0 | AQ52: =IF(OR(J52="",Results!J5=""),"",IF(AND(J52=Results!J5,Results!J5<>Games!$C$13),1,0)) -> 0 | AR52: =IF(OR(K52="",Results!K5=""),"",IF(AND(K52=Results!K5,Results!K5<>Games!$C$14),1,0)) -> 0 | AS52: =IF(OR(L52="",Results!L5=""),"",IF(AND(L52=Results!L5,Results!L5<>Games!$C$15),1,0)) -> 1 | AT52: =IF(OR(M52="",Results!M5=""),"",IF(AND(M52=Results!M5,Results!M5<>Games!$C$16),1,0)) -> 0 | AU52: =IF(OR(N52="",Results!N5=""),"",IF(AND(N52=Results!N5,Results!N5<>Games!$C$17),1,0)) -> 0 | AV52: =SUM(AI52:AU52) -> 2
A53: =INDEX(Players!$D$6:$D$69,MATCH(35,Players!$A$6:$A$69,0)) -> Oliver W. | B53: Georgia Tech | C53: Eastern Michigan | D53: James Madison | E53: Cincinnati | F53: Duke | G53: Auburn | H53: Wyoming | I53: LSU | J53: Hawai'i | K53: California | L53: Western Kentucky | M53: Ole Miss | N53: SMU | O53: 8 | P53: 10 | Q53: 13 | R53: 52 | S53: =IF(OR(B53="",Results!B5=""),"",IF(B53=Results!B5,1+IF(OR($O53=1,$P53=1,$Q53=1),1,0),0)) -> 0 | T53: =IF(OR(C53="",Results!C5=""),"",IF(C53=Results!C5,1+IF(OR($O53=2,$P53=2,$Q53=2),1,0),0)) -> 0 | U53: =IF(OR(D53="",Results!D5=""),"",IF(D53=Results!D5,1+IF(OR($O53=3,$P53=3,$Q53=3),1,0),0)) -> 1 | V53: =IF(OR(E53="",Results!E5=""),"",IF(E53=Results!E5,1+IF(OR($O53=4,$P53=4,$Q53=4),1,0),0)) -> 1 | W53: =IF(OR(F53="",Results!F5=""),"",IF(F53=Results!F5,1+IF(OR($O53=5,$P53=5,$Q53=5),1,0),0)) -> 1 | X53: =IF(OR(G53="",Results!G5=""),"",IF(G53=Results!G5,1+IF(OR($O53=6,$P53=6,$Q53=6),1,0),0)) -> 1 | Y53: =IF(OR(H53="",Results!H5=""),"",IF(H53=Results!H5,1+IF(OR($O53=7,$P53=7,$Q53=7),1,0),0)) -> 0 | Z53: =IF(OR(I53="",Results!I5=""),"",IF(I53=Results!I5,1+IF(OR($O53=8,$P53=8,$Q53=8),1,0),0)) -> 2 | AA53: =IF(OR(J53="",Results!J5=""),"",IF(J53=Results!J5,1+IF(OR($O53=9,$P53=9,$Q53=9),1,0),0)) -> 0 | AB53: =IF(OR(K53="",Results!K5=""),"",IF(K53=Results!K5,1+IF(OR($O53=10,$P53=10,$Q53=10),1,0),0)) -> 0 | AC53: =IF(OR(L53="",Results!L5=""),"",IF(L53=Results!L5,1+IF(OR($O53=11,$P53=11,$Q53=11),1,0),0)) -> 0 | AD53: =IF(OR(M53="",Results!M5=""),"",IF(M53=Results!M5,1+IF(OR($O53=12,$P53=12,$Q53=12),1,0),0)) -> 1 | AE53: =IF(OR(N53="",Results!N5=""),"",IF(N53=Results!N5,1+IF(OR($O53=13,$P53=13,$Q53=13),1,0),0)) -> 2 | AF53: =SUM(S53:AE53) -> 9 | AG53: =IF(OR($R53="",Results!O5=""),"",ABS($R53-Results!O5)) -> 1 | AH53: 35 | AI53: =IF(OR(B53="",Results!B5=""),"",IF(AND(B53=Results!B5,Results!B5<>Games!$C$5),1,0)) -> 0 | AJ53: =IF(OR(C53="",Results!C5=""),"",IF(AND(C53=Results!C5,Results!C5<>Games!$C$6),1,0)) -> 0 | AK53: =IF(OR(D53="",Results!D5=""),"",IF(AND(D53=Results!D5,Results!D5<>Games!$C$7),1,0)) -> 0 | AL53: =IF(OR(E53="",Results!E5=""),"",IF(AND(E53=Results!E5,Results!E5<>Games!$C$8),1,0)) -> 0 | AM53: =IF(OR(F53="",Results!F5=""),"",IF(AND(F53=Results!F5,Results!F5<>Games!$C$9),1,0)) -> 0 | AN53: =IF(OR(G53="",Results!G5=""),"",IF(AND(G53=Results!G5,Results!G5<>Games!$C$10),1,0)) -> 0 | AO53: =IF(OR(H53="",Results!H5=""),"",IF(AND(H53=Results!H5,Results!H5<>Games!$C$11),1,0)) -> 0 | AP53: =IF(OR(I53="",Results!I5=""),"",IF(AND(I53=Results!I5,Results!I5<>Games!$C$12),1,0)) -> 0 | AQ53: =IF(OR(J53="",Results!J5=""),"",IF(AND(J53=Results!J5,Results!J5<>Games!$C$13),1,0)) -> 0 | AR53: =IF(OR(K53="",Results!K5=""),"",IF(AND(K53=Results!K5,Results!K5<>Games!$C$14),1,0)) -> 0 | AS53: =IF(OR(L53="",Results!L5=""),"",IF(AND(L53=Results!L5,Results!L5<>Games!$C$15),1,0)) -> 0 | AT53: =IF(OR(M53="",Results!M5=""),"",IF(AND(M53=Results!M5,Results!M5<>Games!$C$16),1,0)) -> 0 | AU53: =IF(OR(N53="",Results!N5=""),"",IF(AND(N53=Results!N5,Results!N5<>Games!$C$17),1,0)) -> 0 | AV53: =SUM(AI53:AU53) -> 0
A54: =INDEX(Players!$D$6:$D$69,MATCH(43,Players!$A$6:$A$69,0)) -> Pete S. | B54: Georgia Tech | C54: San Jose State | D54: Liberty | E54: Cincinnati | F54: Duke | G54: Auburn | H54: Wyoming | I54: LSU | J54: UNLV | K54: California | L54: Nevada | M54: Ole Miss | N54: SMU | O54: 5 | P54: 7 | Q54: 8 | R54: 56 | S54: =IF(OR(B54="",Results!B5=""),"",IF(B54=Results!B5,1+IF(OR($O54=1,$P54=1,$Q54=1),1,0),0)) -> 0 | T54: =IF(OR(C54="",Results!C5=""),"",IF(C54=Results!C5,1+IF(OR($O54=2,$P54=2,$Q54=2),1,0),0)) -> 1 | U54: =IF(OR(D54="",Results!D5=""),"",IF(D54=Results!D5,1+IF(OR($O54=3,$P54=3,$Q54=3),1,0),0)) -> 0 | V54: =IF(OR(E54="",Results!E5=""),"",IF(E54=Results!E5,1+IF(OR($O54=4,$P54=4,$Q54=4),1,0),0)) -> 1 | W54: =IF(OR(F54="",Results!F5=""),"",IF(F54=Results!F5,1+IF(OR($O54=5,$P54=5,$Q54=5),1,0),0)) -> 2 | X54: =IF(OR(G54="",Results!G5=""),"",IF(G54=Results!G5,1+IF(OR($O54=6,$P54=6,$Q54=6),1,0),0)) -> 1 | Y54: =IF(OR(H54="",Results!H5=""),"",IF(H54=Results!H5,1+IF(OR($O54=7,$P54=7,$Q54=7),1,0),0)) -> 0 | Z54: =IF(OR(I54="",Results!I5=""),"",IF(I54=Results!I5,1+IF(OR($O54=8,$P54=8,$Q54=8),1,0),0)) -> 2 | AA54: =IF(OR(J54="",Results!J5=""),"",IF(J54=Results!J5,1+IF(OR($O54=9,$P54=9,$Q54=9),1,0),0)) -> 1 | AB54: =IF(OR(K54="",Results!K5=""),"",IF(K54=Results!K5,1+IF(OR($O54=10,$P54=10,$Q54=10),1,0),0)) -> 0 | AC54: =IF(OR(L54="",Results!L5=""),"",IF(L54=Results!L5,1+IF(OR($O54=11,$P54=11,$Q54=11),1,0),0)) -> 1 | AD54: =IF(OR(M54="",Results!M5=""),"",IF(M54=Results!M5,1+IF(OR($O54=12,$P54=12,$Q54=12),1,0),0)) -> 1 | AE54: =IF(OR(N54="",Results!N5=""),"",IF(N54=Results!N5,1+IF(OR($O54=13,$P54=13,$Q54=13),1,0),0)) -> 1 | AF54: =SUM(S54:AE54) -> 11 | AG54: =IF(OR($R54="",Results!O5=""),"",ABS($R54-Results!O5)) -> 5 | AH54: 43 | AI54: =IF(OR(B54="",Results!B5=""),"",IF(AND(B54=Results!B5,Results!B5<>Games!$C$5),1,0)) -> 0 | AJ54: =IF(OR(C54="",Results!C5=""),"",IF(AND(C54=Results!C5,Results!C5<>Games!$C$6),1,0)) -> 1 | AK54: =IF(OR(D54="",Results!D5=""),"",IF(AND(D54=Results!D5,Results!D5<>Games!$C$7),1,0)) -> 0 | AL54: =IF(OR(E54="",Results!E5=""),"",IF(AND(E54=Results!E5,Results!E5<>Games!$C$8),1,0)) -> 0 | AM54: =IF(OR(F54="",Results!F5=""),"",IF(AND(F54=Results!F5,Results!F5<>Games!$C$9),1,0)) -> 0 | AN54: =IF(OR(G54="",Results!G5=""),"",IF(AND(G54=Results!G5,Results!G5<>Games!$C$10),1,0)) -> 0 | AO54: =IF(OR(H54="",Results!H5=""),"",IF(AND(H54=Results!H5,Results!H5<>Games!$C$11),1,0)) -> 0 | AP54: =IF(OR(I54="",Results!I5=""),"",IF(AND(I54=Results!I5,Results!I5<>Games!$C$12),1,0)) -> 0 | AQ54: =IF(OR(J54="",Results!J5=""),"",IF(AND(J54=Results!J5,Results!J5<>Games!$C$13),1,0)) -> 0 | AR54: =IF(OR(K54="",Results!K5=""),"",IF(AND(K54=Results!K5,Results!K5<>Games!$C$14),1,0)) -> 0 | AS54: =IF(OR(L54="",Results!L5=""),"",IF(AND(L54=Results!L5,Results!L5<>Games!$C$15),1,0)) -> 1 | AT54: =IF(OR(M54="",Results!M5=""),"",IF(AND(M54=Results!M5,Results!M5<>Games!$C$16),1,0)) -> 0 | AU54: =IF(OR(N54="",Results!N5=""),"",IF(AND(N54=Results!N5,Results!N5<>Games!$C$17),1,0)) -> 0 | AV54: =SUM(AI54:AU54) -> 2
A55: =INDEX(Players!$D$6:$D$69,MATCH(44,Players!$A$6:$A$69,0)) -> Richie C. | B55: Georgia Tech | C55: Eastern Michigan | D55: Liberty | E55: Boston College | F55: Duke | G55: Baylor | H55: Colorado State | I55: LSU | J55: UNLV | K55: UCLA | L55: Western Kentucky | M55: Ole Miss | N55: Florida State | O55: 5 | P55: 10 | Q55: 13 | R55: 46 | S55: =IF(OR(B55="",Results!B5=""),"",IF(B55=Results!B5,1+IF(OR($O55=1,$P55=1,$Q55=1),1,0),0)) -> 0 | T55: =IF(OR(C55="",Results!C5=""),"",IF(C55=Results!C5,1+IF(OR($O55=2,$P55=2,$Q55=2),1,0),0)) -> 0 | U55: =IF(OR(D55="",Results!D5=""),"",IF(D55=Results!D5,1+IF(OR($O55=3,$P55=3,$Q55=3),1,0),0)) -> 0 | V55: =IF(OR(E55="",Results!E5=""),"",IF(E55=Results!E5,1+IF(OR($O55=4,$P55=4,$Q55=4),1,0),0)) -> 0 | W55: =IF(OR(F55="",Results!F5=""),"",IF(F55=Results!F5,1+IF(OR($O55=5,$P55=5,$Q55=5),1,0),0)) -> 2 | X55: =IF(OR(G55="",Results!G5=""),"",IF(G55=Results!G5,1+IF(OR($O55=6,$P55=6,$Q55=6),1,0),0)) -> 0 | Y55: =IF(OR(H55="",Results!H5=""),"",IF(H55=Results!H5,1+IF(OR($O55=7,$P55=7,$Q55=7),1,0),0)) -> 1 | Z55: =IF(OR(I55="",Results!I5=""),"",IF(I55=Results!I5,1+IF(OR($O55=8,$P55=8,$Q55=8),1,0),0)) -> 1 | AA55: =IF(OR(J55="",Results!J5=""),"",IF(J55=Results!J5,1+IF(OR($O55=9,$P55=9,$Q55=9),1,0),0)) -> 1 | AB55: =IF(OR(K55="",Results!K5=""),"",IF(K55=Results!K5,1+IF(OR($O55=10,$P55=10,$Q55=10),1,0),0)) -> 2 | AC55: =IF(OR(L55="",Results!L5=""),"",IF(L55=Results!L5,1+IF(OR($O55=11,$P55=11,$Q55=11),1,0),0)) -> 0 | AD55: =IF(OR(M55="",Results!M5=""),"",IF(M55=Results!M5,1+IF(OR($O55=12,$P55=12,$Q55=12),1,0),0)) -> 1 | AE55: =IF(OR(N55="",Results!N5=""),"",IF(N55=Results!N5,1+IF(OR($O55=13,$P55=13,$Q55=13),1,0),0)) -> 0 | AF55: =SUM(S55:AE55) -> 8 | AG55: =IF(OR($R55="",Results!O5=""),"",ABS($R55-Results!O5)) -> 5 | AH55: 44 | AI55: =IF(OR(B55="",Results!B5=""),"",IF(AND(B55=Results!B5,Results!B5<>Games!$C$5),1,0)) -> 0 | AJ55: =IF(OR(C55="",Results!C5=""),"",IF(AND(C55=Results!C5,Results!C5<>Games!$C$6),1,0)) -> 0 | AK55: =IF(OR(D55="",Results!D5=""),"",IF(AND(D55=Results!D5,Results!D5<>Games!$C$7),1,0)) -> 0 | AL55: =IF(OR(E55="",Results!E5=""),"",IF(AND(E55=Results!E5,Results!E5<>Games!$C$8),1,0)) -> 0 | AM55: =IF(OR(F55="",Results!F5=""),"",IF(AND(F55=Results!F5,Results!F5<>Games!$C$9),1,0)) -> 0 | AN55: =IF(OR(G55="",Results!G5=""),"",IF(AND(G55=Results!G5,Results!G5<>Games!$C$10),1,0)) -> 0 | AO55: =IF(OR(H55="",Results!H5=""),"",IF(AND(H55=Results!H5,Results!H5<>Games!$C$11),1,0)) -> 0 | AP55: =IF(OR(I55="",Results!I5=""),"",IF(AND(I55=Results!I5,Results!I5<>Games!$C$12),1,0)) -> 0 | AQ55: =IF(OR(J55="",Results!J5=""),"",IF(AND(J55=Results!J5,Results!J5<>Games!$C$13),1,0)) -> 0 | AR55: =IF(OR(K55="",Results!K5=""),"",IF(AND(K55=Results!K5,Results!K5<>Games!$C$14),1,0)) -> 0 | AS55: =IF(OR(L55="",Results!L5=""),"",IF(AND(L55=Results!L5,Results!L5<>Games!$C$15),1,0)) -> 0 | AT55: =IF(OR(M55="",Results!M5=""),"",IF(AND(M55=Results!M5,Results!M5<>Games!$C$16),1,0)) -> 0 | AU55: =IF(OR(N55="",Results!N5=""),"",IF(AND(N55=Results!N5,Results!N5<>Games!$C$17),1,0)) -> 0 | AV55: =SUM(AI55:AU55) -> 0
A56: =INDEX(Players!$D$6:$D$69,MATCH(59,Players!$A$6:$A$69,0)) -> Roger L. | B56: Georgia Tech | C56: Eastern Michigan | D56: Liberty | E56: Cincinnati | F56: Duke | G56: Auburn | H56: Wyoming | I56: LSU | J56: UNLV | K56: UCLA | L56: Nevada | M56: Ole Miss | N56: Florida State | O56: 1 | P56: 8 | Q56: 12 | R56: 46 | S56: =IF(OR(B56="",Results!B5=""),"",IF(B56=Results!B5,1+IF(OR($O56=1,$P56=1,$Q56=1),1,0),0)) -> 0 | T56: =IF(OR(C56="",Results!C5=""),"",IF(C56=Results!C5,1+IF(OR($O56=2,$P56=2,$Q56=2),1,0),0)) -> 0 | U56: =IF(OR(D56="",Results!D5=""),"",IF(D56=Results!D5,1+IF(OR($O56=3,$P56=3,$Q56=3),1,0),0)) -> 0 | V56: =IF(OR(E56="",Results!E5=""),"",IF(E56=Results!E5,1+IF(OR($O56=4,$P56=4,$Q56=4),1,0),0)) -> 1 | W56: =IF(OR(F56="",Results!F5=""),"",IF(F56=Results!F5,1+IF(OR($O56=5,$P56=5,$Q56=5),1,0),0)) -> 1 | X56: =IF(OR(G56="",Results!G5=""),"",IF(G56=Results!G5,1+IF(OR($O56=6,$P56=6,$Q56=6),1,0),0)) -> 1 | Y56: =IF(OR(H56="",Results!H5=""),"",IF(H56=Results!H5,1+IF(OR($O56=7,$P56=7,$Q56=7),1,0),0)) -> 0 | Z56: =IF(OR(I56="",Results!I5=""),"",IF(I56=Results!I5,1+IF(OR($O56=8,$P56=8,$Q56=8),1,0),0)) -> 2 | AA56: =IF(OR(J56="",Results!J5=""),"",IF(J56=Results!J5,1+IF(OR($O56=9,$P56=9,$Q56=9),1,0),0)) -> 1 | AB56: =IF(OR(K56="",Results!K5=""),"",IF(K56=Results!K5,1+IF(OR($O56=10,$P56=10,$Q56=10),1,0),0)) -> 1 | AC56: =IF(OR(L56="",Results!L5=""),"",IF(L56=Results!L5,1+IF(OR($O56=11,$P56=11,$Q56=11),1,0),0)) -> 1 | AD56: =IF(OR(M56="",Results!M5=""),"",IF(M56=Results!M5,1+IF(OR($O56=12,$P56=12,$Q56=12),1,0),0)) -> 2 | AE56: =IF(OR(N56="",Results!N5=""),"",IF(N56=Results!N5,1+IF(OR($O56=13,$P56=13,$Q56=13),1,0),0)) -> 0 | AF56: =SUM(S56:AE56) -> 10 | AG56: =IF(OR($R56="",Results!O5=""),"",ABS($R56-Results!O5)) -> 5 | AH56: 59 | AI56: =IF(OR(B56="",Results!B5=""),"",IF(AND(B56=Results!B5,Results!B5<>Games!$C$5),1,0)) -> 0 | AJ56: =IF(OR(C56="",Results!C5=""),"",IF(AND(C56=Results!C5,Results!C5<>Games!$C$6),1,0)) -> 0 | AK56: =IF(OR(D56="",Results!D5=""),"",IF(AND(D56=Results!D5,Results!D5<>Games!$C$7),1,0)) -> 0 | AL56: =IF(OR(E56="",Results!E5=""),"",IF(AND(E56=Results!E5,Results!E5<>Games!$C$8),1,0)) -> 0 | AM56: =IF(OR(F56="",Results!F5=""),"",IF(AND(F56=Results!F5,Results!F5<>Games!$C$9),1,0)) -> 0 | AN56: =IF(OR(G56="",Results!G5=""),"",IF(AND(G56=Results!G5,Results!G5<>Games!$C$10),1,0)) -> 0 | AO56: =IF(OR(H56="",Results!H5=""),"",IF(AND(H56=Results!H5,Results!H5<>Games!$C$11),1,0)) -> 0 | AP56: =IF(OR(I56="",Results!I5=""),"",IF(AND(I56=Results!I5,Results!I5<>Games!$C$12),1,0)) -> 0 | AQ56: =IF(OR(J56="",Results!J5=""),"",IF(AND(J56=Results!J5,Results!J5<>Games!$C$13),1,0)) -> 0 | AR56: =IF(OR(K56="",Results!K5=""),"",IF(AND(K56=Results!K5,Results!K5<>Games!$C$14),1,0)) -> 0 | AS56: =IF(OR(L56="",Results!L5=""),"",IF(AND(L56=Results!L5,Results!L5<>Games!$C$15),1,0)) -> 1 | AT56: =IF(OR(M56="",Results!M5=""),"",IF(AND(M56=Results!M5,Results!M5<>Games!$C$16),1,0)) -> 0 | AU56: =IF(OR(N56="",Results!N5=""),"",IF(AND(N56=Results!N5,Results!N5<>Games!$C$17),1,0)) -> 0 | AV56: =SUM(AI56:AU56) -> 1
A57: =INDEX(Players!$D$6:$D$69,MATCH(28,Players!$A$6:$A$69,0)) -> Ryan C. | B57: Georgia Tech | C57: Eastern Michigan | D57: James Madison | E57: Cincinnati | F57: Duke | G57: Auburn | H57: Colorado State | I57: LSU | J57: UNLV | K57: California | L57: Nevada | M57: Ole Miss | N57: SMU | O57: 3 | P57: 5 | Q57: 8 | R57: 50 | S57: =IF(OR(B57="",Results!B5=""),"",IF(B57=Results!B5,1+IF(OR($O57=1,$P57=1,$Q57=1),1,0),0)) -> 0 | T57: =IF(OR(C57="",Results!C5=""),"",IF(C57=Results!C5,1+IF(OR($O57=2,$P57=2,$Q57=2),1,0),0)) -> 0 | U57: =IF(OR(D57="",Results!D5=""),"",IF(D57=Results!D5,1+IF(OR($O57=3,$P57=3,$Q57=3),1,0),0)) -> 2 | V57: =IF(OR(E57="",Results!E5=""),"",IF(E57=Results!E5,1+IF(OR($O57=4,$P57=4,$Q57=4),1,0),0)) -> 1 | W57: =IF(OR(F57="",Results!F5=""),"",IF(F57=Results!F5,1+IF(OR($O57=5,$P57=5,$Q57=5),1,0),0)) -> 2 | X57: =IF(OR(G57="",Results!G5=""),"",IF(G57=Results!G5,1+IF(OR($O57=6,$P57=6,$Q57=6),1,0),0)) -> 1 | Y57: =IF(OR(H57="",Results!H5=""),"",IF(H57=Results!H5,1+IF(OR($O57=7,$P57=7,$Q57=7),1,0),0)) -> 1 | Z57: =IF(OR(I57="",Results!I5=""),"",IF(I57=Results!I5,1+IF(OR($O57=8,$P57=8,$Q57=8),1,0),0)) -> 2 | AA57: =IF(OR(J57="",Results!J5=""),"",IF(J57=Results!J5,1+IF(OR($O57=9,$P57=9,$Q57=9),1,0),0)) -> 1 | AB57: =IF(OR(K57="",Results!K5=""),"",IF(K57=Results!K5,1+IF(OR($O57=10,$P57=10,$Q57=10),1,0),0)) -> 0 | AC57: =IF(OR(L57="",Results!L5=""),"",IF(L57=Results!L5,1+IF(OR($O57=11,$P57=11,$Q57=11),1,0),0)) -> 1 | AD57: =IF(OR(M57="",Results!M5=""),"",IF(M57=Results!M5,1+IF(OR($O57=12,$P57=12,$Q57=12),1,0),0)) -> 1 | AE57: =IF(OR(N57="",Results!N5=""),"",IF(N57=Results!N5,1+IF(OR($O57=13,$P57=13,$Q57=13),1,0),0)) -> 1 | AF57: =SUM(S57:AE57) -> 13 | AG57: =IF(OR($R57="",Results!O5=""),"",ABS($R57-Results!O5)) -> 1 | AH57: 28 | AI57: =IF(OR(B57="",Results!B5=""),"",IF(AND(B57=Results!B5,Results!B5<>Games!$C$5),1,0)) -> 0 | AJ57: =IF(OR(C57="",Results!C5=""),"",IF(AND(C57=Results!C5,Results!C5<>Games!$C$6),1,0)) -> 0 | AK57: =IF(OR(D57="",Results!D5=""),"",IF(AND(D57=Results!D5,Results!D5<>Games!$C$7),1,0)) -> 0 | AL57: =IF(OR(E57="",Results!E5=""),"",IF(AND(E57=Results!E5,Results!E5<>Games!$C$8),1,0)) -> 0 | AM57: =IF(OR(F57="",Results!F5=""),"",IF(AND(F57=Results!F5,Results!F5<>Games!$C$9),1,0)) -> 0 | AN57: =IF(OR(G57="",Results!G5=""),"",IF(AND(G57=Results!G5,Results!G5<>Games!$C$10),1,0)) -> 0 | AO57: =IF(OR(H57="",Results!H5=""),"",IF(AND(H57=Results!H5,Results!H5<>Games!$C$11),1,0)) -> 0 | AP57: =IF(OR(I57="",Results!I5=""),"",IF(AND(I57=Results!I5,Results!I5<>Games!$C$12),1,0)) -> 0 | AQ57: =IF(OR(J57="",Results!J5=""),"",IF(AND(J57=Results!J5,Results!J5<>Games!$C$13),1,0)) -> 0 | AR57: =IF(OR(K57="",Results!K5=""),"",IF(AND(K57=Results!K5,Results!K5<>Games!$C$14),1,0)) -> 0 | AS57: =IF(OR(L57="",Results!L5=""),"",IF(AND(L57=Results!L5,Results!L5<>Games!$C$15),1,0)) -> 1 | AT57: =IF(OR(M57="",Results!M5=""),"",IF(AND(M57=Results!M5,Results!M5<>Games!$C$16),1,0)) -> 0 | AU57: =IF(OR(N57="",Results!N5=""),"",IF(AND(N57=Results!N5,Results!N5<>Games!$C$17),1,0)) -> 0 | AV57: =SUM(AI57:AU57) -> 1
A58: =INDEX(Players!$D$6:$D$69,MATCH(29,Players!$A$6:$A$69,0)) -> Ryan T. | B58: NO PICK | C58: NO PICK | D58: James Madison | E58: Cincinnati | F58: Tulane | G58: Auburn | H58: Colorado State | I58: LSU | J58: UNLV | K58: California | L58: Western Kentucky | M58: Louisville | N58: Florida State | O58: 4 | P58: 12 | Q58: 8 | R58: 49 | S58: =IF(OR(B58="",Results!B5=""),"",IF(B58=Results!B5,1+IF(OR($O58=1,$P58=1,$Q58=1),1,0),0)) -> 0 | T58: =IF(OR(C58="",Results!C5=""),"",IF(C58=Results!C5,1+IF(OR($O58=2,$P58=2,$Q58=2),1,0),0)) -> 0 | U58: =IF(OR(D58="",Results!D5=""),"",IF(D58=Results!D5,1+IF(OR($O58=3,$P58=3,$Q58=3),1,0),0)) -> 1 | V58: =IF(OR(E58="",Results!E5=""),"",IF(E58=Results!E5,1+IF(OR($O58=4,$P58=4,$Q58=4),1,0),0)) -> 2 | W58: =IF(OR(F58="",Results!F5=""),"",IF(F58=Results!F5,1+IF(OR($O58=5,$P58=5,$Q58=5),1,0),0)) -> 0 | X58: =IF(OR(G58="",Results!G5=""),"",IF(G58=Results!G5,1+IF(OR($O58=6,$P58=6,$Q58=6),1,0),0)) -> 1 | Y58: =IF(OR(H58="",Results!H5=""),"",IF(H58=Results!H5,1+IF(OR($O58=7,$P58=7,$Q58=7),1,0),0)) -> 1 | Z58: =IF(OR(I58="",Results!I5=""),"",IF(I58=Results!I5,1+IF(OR($O58=8,$P58=8,$Q58=8),1,0),0)) -> 2 | AA58: =IF(OR(J58="",Results!J5=""),"",IF(J58=Results!J5,1+IF(OR($O58=9,$P58=9,$Q58=9),1,0),0)) -> 1 | AB58: =IF(OR(K58="",Results!K5=""),"",IF(K58=Results!K5,1+IF(OR($O58=10,$P58=10,$Q58=10),1,0),0)) -> 0 | AC58: =IF(OR(L58="",Results!L5=""),"",IF(L58=Results!L5,1+IF(OR($O58=11,$P58=11,$Q58=11),1,0),0)) -> 0 | AD58: =IF(OR(M58="",Results!M5=""),"",IF(M58=Results!M5,1+IF(OR($O58=12,$P58=12,$Q58=12),1,0),0)) -> 0 | AE58: =IF(OR(N58="",Results!N5=""),"",IF(N58=Results!N5,1+IF(OR($O58=13,$P58=13,$Q58=13),1,0),0)) -> 0 | AF58: =SUM(S58:AE58) -> 8 | AG58: =IF(OR($R58="",Results!O5=""),"",ABS($R58-Results!O5)) -> 2 | AH58: 29 | AI58: =IF(OR(B58="",Results!B5=""),"",IF(AND(B58=Results!B5,Results!B5<>Games!$C$5),1,0)) -> 0 | AJ58: =IF(OR(C58="",Results!C5=""),"",IF(AND(C58=Results!C5,Results!C5<>Games!$C$6),1,0)) -> 0 | AK58: =IF(OR(D58="",Results!D5=""),"",IF(AND(D58=Results!D5,Results!D5<>Games!$C$7),1,0)) -> 0 | AL58: =IF(OR(E58="",Results!E5=""),"",IF(AND(E58=Results!E5,Results!E5<>Games!$C$8),1,0)) -> 0 | AM58: =IF(OR(F58="",Results!F5=""),"",IF(AND(F58=Results!F5,Results!F5<>Games!$C$9),1,0)) -> 0 | AN58: =IF(OR(G58="",Results!G5=""),"",IF(AND(G58=Results!G5,Results!G5<>Games!$C$10),1,0)) -> 0 | AO58: =IF(OR(H58="",Results!H5=""),"",IF(AND(H58=Results!H5,Results!H5<>Games!$C$11),1,0)) -> 0 | AP58: =IF(OR(I58="",Results!I5=""),"",IF(AND(I58=Results!I5,Results!I5<>Games!$C$12),1,0)) -> 0 | AQ58: =IF(OR(J58="",Results!J5=""),"",IF(AND(J58=Results!J5,Results!J5<>Games!$C$13),1,0)) -> 0 | AR58: =IF(OR(K58="",Results!K5=""),"",IF(AND(K58=Results!K5,Results!K5<>Games!$C$14),1,0)) -> 0 | AS58: =IF(OR(L58="",Results!L5=""),"",IF(AND(L58=Results!L5,Results!L5<>Games!$C$15),1,0)) -> 0 | AT58: =IF(OR(M58="",Results!M5=""),"",IF(AND(M58=Results!M5,Results!M5<>Games!$C$16),1,0)) -> 0 | AU58: =IF(OR(N58="",Results!N5=""),"",IF(AND(N58=Results!N5,Results!N5<>Games!$C$17),1,0)) -> 0 | AV58: =SUM(AI58:AU58) -> 0
A59: =INDEX(Players!$D$6:$D$69,MATCH(51,Players!$A$6:$A$69,0)) -> Stephanie C. | B59: Georgia Tech | C59: Eastern Michigan | D59: James Madison | E59: Boston College | F59: Duke | G59: Baylor | H59: Colorado State | I59: LSU | J59: UNLV | K59: UCLA | L59: Western Kentucky | M59: Ole Miss | N59: Florida State | O59: 3 | P59: 5 | Q59: 8 | R59: 53 | S59: =IF(OR(B59="",Results!B5=""),"",IF(B59=Results!B5,1+IF(OR($O59=1,$P59=1,$Q59=1),1,0),0)) -> 0 | T59: =IF(OR(C59="",Results!C5=""),"",IF(C59=Results!C5,1+IF(OR($O59=2,$P59=2,$Q59=2),1,0),0)) -> 0 | U59: =IF(OR(D59="",Results!D5=""),"",IF(D59=Results!D5,1+IF(OR($O59=3,$P59=3,$Q59=3),1,0),0)) -> 2 | V59: =IF(OR(E59="",Results!E5=""),"",IF(E59=Results!E5,1+IF(OR($O59=4,$P59=4,$Q59=4),1,0),0)) -> 0 | W59: =IF(OR(F59="",Results!F5=""),"",IF(F59=Results!F5,1+IF(OR($O59=5,$P59=5,$Q59=5),1,0),0)) -> 2 | X59: =IF(OR(G59="",Results!G5=""),"",IF(G59=Results!G5,1+IF(OR($O59=6,$P59=6,$Q59=6),1,0),0)) -> 0 | Y59: =IF(OR(H59="",Results!H5=""),"",IF(H59=Results!H5,1+IF(OR($O59=7,$P59=7,$Q59=7),1,0),0)) -> 1 | Z59: =IF(OR(I59="",Results!I5=""),"",IF(I59=Results!I5,1+IF(OR($O59=8,$P59=8,$Q59=8),1,0),0)) -> 2 | AA59: =IF(OR(J59="",Results!J5=""),"",IF(J59=Results!J5,1+IF(OR($O59=9,$P59=9,$Q59=9),1,0),0)) -> 1 | AB59: =IF(OR(K59="",Results!K5=""),"",IF(K59=Results!K5,1+IF(OR($O59=10,$P59=10,$Q59=10),1,0),0)) -> 1 | AC59: =IF(OR(L59="",Results!L5=""),"",IF(L59=Results!L5,1+IF(OR($O59=11,$P59=11,$Q59=11),1,0),0)) -> 0 | AD59: =IF(OR(M59="",Results!M5=""),"",IF(M59=Results!M5,1+IF(OR($O59=12,$P59=12,$Q59=12),1,0),0)) -> 1 | AE59: =IF(OR(N59="",Results!N5=""),"",IF(N59=Results!N5,1+IF(OR($O59=13,$P59=13,$Q59=13),1,0),0)) -> 0 | AF59: =SUM(S59:AE59) -> 10 | AG59: =IF(OR($R59="",Results!O5=""),"",ABS($R59-Results!O5)) -> 2 | AH59: 51 | AI59: =IF(OR(B59="",Results!B5=""),"",IF(AND(B59=Results!B5,Results!B5<>Games!$C$5),1,0)) -> 0 | AJ59: =IF(OR(C59="",Results!C5=""),"",IF(AND(C59=Results!C5,Results!C5<>Games!$C$6),1,0)) -> 0 | AK59: =IF(OR(D59="",Results!D5=""),"",IF(AND(D59=Results!D5,Results!D5<>Games!$C$7),1,0)) -> 0 | AL59: =IF(OR(E59="",Results!E5=""),"",IF(AND(E59=Results!E5,Results!E5<>Games!$C$8),1,0)) -> 0 | AM59: =IF(OR(F59="",Results!F5=""),"",IF(AND(F59=Results!F5,Results!F5<>Games!$C$9),1,0)) -> 0 | AN59: =IF(OR(G59="",Results!G5=""),"",IF(AND(G59=Results!G5,Results!G5<>Games!$C$10),1,0)) -> 0 | AO59: =IF(OR(H59="",Results!H5=""),"",IF(AND(H59=Results!H5,Results!H5<>Games!$C$11),1,0)) -> 0 | AP59: =IF(OR(I59="",Results!I5=""),"",IF(AND(I59=Results!I5,Results!I5<>Games!$C$12),1,0)) -> 0 | AQ59: =IF(OR(J59="",Results!J5=""),"",IF(AND(J59=Results!J5,Results!J5<>Games!$C$13),1,0)) -> 0 | AR59: =IF(OR(K59="",Results!K5=""),"",IF(AND(K59=Results!K5,Results!K5<>Games!$C$14),1,0)) -> 0 | AS59: =IF(OR(L59="",Results!L5=""),"",IF(AND(L59=Results!L5,Results!L5<>Games!$C$15),1,0)) -> 0 | AT59: =IF(OR(M59="",Results!M5=""),"",IF(AND(M59=Results!M5,Results!M5<>Games!$C$16),1,0)) -> 0 | AU59: =IF(OR(N59="",Results!N5=""),"",IF(AND(N59=Results!N5,Results!N5<>Games!$C$17),1,0)) -> 0 | AV59: =SUM(AI59:AU59) -> 0
A60: =INDEX(Players!$D$6:$D$69,MATCH(45,Players!$A$6:$A$69,0)) -> Taylor M. | B60: Georgia Tech | C60: Eastern Michigan | D60: James Madison | E60: Cincinnati | F60: Duke | G60: Auburn | H60: Wyoming | I60: LSU | J60: UNLV | K60: California | L60: Western Kentucky | M60: Ole Miss | N60: SMU | O60: 4 | P60: 5 | Q60: 8 | R60: 57 | S60: =IF(OR(B60="",Results!B5=""),"",IF(B60=Results!B5,1+IF(OR($O60=1,$P60=1,$Q60=1),1,0),0)) -> 0 | T60: =IF(OR(C60="",Results!C5=""),"",IF(C60=Results!C5,1+IF(OR($O60=2,$P60=2,$Q60=2),1,0),0)) -> 0 | U60: =IF(OR(D60="",Results!D5=""),"",IF(D60=Results!D5,1+IF(OR($O60=3,$P60=3,$Q60=3),1,0),0)) -> 1 | V60: =IF(OR(E60="",Results!E5=""),"",IF(E60=Results!E5,1+IF(OR($O60=4,$P60=4,$Q60=4),1,0),0)) -> 2 | W60: =IF(OR(F60="",Results!F5=""),"",IF(F60=Results!F5,1+IF(OR($O60=5,$P60=5,$Q60=5),1,0),0)) -> 2 | X60: =IF(OR(G60="",Results!G5=""),"",IF(G60=Results!G5,1+IF(OR($O60=6,$P60=6,$Q60=6),1,0),0)) -> 1 | Y60: =IF(OR(H60="",Results!H5=""),"",IF(H60=Results!H5,1+IF(OR($O60=7,$P60=7,$Q60=7),1,0),0)) -> 0 | Z60: =IF(OR(I60="",Results!I5=""),"",IF(I60=Results!I5,1+IF(OR($O60=8,$P60=8,$Q60=8),1,0),0)) -> 2 | AA60: =IF(OR(J60="",Results!J5=""),"",IF(J60=Results!J5,1+IF(OR($O60=9,$P60=9,$Q60=9),1,0),0)) -> 1 | AB60: =IF(OR(K60="",Results!K5=""),"",IF(K60=Results!K5,1+IF(OR($O60=10,$P60=10,$Q60=10),1,0),0)) -> 0 | AC60: =IF(OR(L60="",Results!L5=""),"",IF(L60=Results!L5,1+IF(OR($O60=11,$P60=11,$Q60=11),1,0),0)) -> 0 | AD60: =IF(OR(M60="",Results!M5=""),"",IF(M60=Results!M5,1+IF(OR($O60=12,$P60=12,$Q60=12),1,0),0)) -> 1 | AE60: =IF(OR(N60="",Results!N5=""),"",IF(N60=Results!N5,1+IF(OR($O60=13,$P60=13,$Q60=13),1,0),0)) -> 1 | AF60: =SUM(S60:AE60) -> 11 | AG60: =IF(OR($R60="",Results!O5=""),"",ABS($R60-Results!O5)) -> 6 | AH60: 45 | AI60: =IF(OR(B60="",Results!B5=""),"",IF(AND(B60=Results!B5,Results!B5<>Games!$C$5),1,0)) -> 0 | AJ60: =IF(OR(C60="",Results!C5=""),"",IF(AND(C60=Results!C5,Results!C5<>Games!$C$6),1,0)) -> 0 | AK60: =IF(OR(D60="",Results!D5=""),"",IF(AND(D60=Results!D5,Results!D5<>Games!$C$7),1,0)) -> 0 | AL60: =IF(OR(E60="",Results!E5=""),"",IF(AND(E60=Results!E5,Results!E5<>Games!$C$8),1,0)) -> 0 | AM60: =IF(OR(F60="",Results!F5=""),"",IF(AND(F60=Results!F5,Results!F5<>Games!$C$9),1,0)) -> 0 | AN60: =IF(OR(G60="",Results!G5=""),"",IF(AND(G60=Results!G5,Results!G5<>Games!$C$10),1,0)) -> 0 | AO60: =IF(OR(H60="",Results!H5=""),"",IF(AND(H60=Results!H5,Results!H5<>Games!$C$11),1,0)) -> 0 | AP60: =IF(OR(I60="",Results!I5=""),"",IF(AND(I60=Results!I5,Results!I5<>Games!$C$12),1,0)) -> 0 | AQ60: =IF(OR(J60="",Results!J5=""),"",IF(AND(J60=Results!J5,Results!J5<>Games!$C$13),1,0)) -> 0 | AR60: =IF(OR(K60="",Results!K5=""),"",IF(AND(K60=Results!K5,Results!K5<>Games!$C$14),1,0)) -> 0 | AS60: =IF(OR(L60="",Results!L5=""),"",IF(AND(L60=Results!L5,Results!L5<>Games!$C$15),1,0)) -> 0 | AT60: =IF(OR(M60="",Results!M5=""),"",IF(AND(M60=Results!M5,Results!M5<>Games!$C$16),1,0)) -> 0 | AU60: =IF(OR(N60="",Results!N5=""),"",IF(AND(N60=Results!N5,Results!N5<>Games!$C$17),1,0)) -> 0 | AV60: =SUM(AI60:AU60) -> 0
A61: =INDEX(Players!$D$6:$D$69,MATCH(30,Players!$A$6:$A$69,0)) -> Tom B. | B61: Georgia Tech | C61: Eastern Michigan | D61: James Madison | E61: Cincinnati | F61: Duke | G61: Auburn | H61: Wyoming | I61: Clemson | J61: UNLV | K61: UCLA | L61: Western Kentucky | M61: Ole Miss | N61: SMU | O61: 1 | P61: 4 | Q61: 6 | R61: 63 | S61: =IF(OR(B61="",Results!B5=""),"",IF(B61=Results!B5,1+IF(OR($O61=1,$P61=1,$Q61=1),1,0),0)) -> 0 | T61: =IF(OR(C61="",Results!C5=""),"",IF(C61=Results!C5,1+IF(OR($O61=2,$P61=2,$Q61=2),1,0),0)) -> 0 | U61: =IF(OR(D61="",Results!D5=""),"",IF(D61=Results!D5,1+IF(OR($O61=3,$P61=3,$Q61=3),1,0),0)) -> 1 | V61: =IF(OR(E61="",Results!E5=""),"",IF(E61=Results!E5,1+IF(OR($O61=4,$P61=4,$Q61=4),1,0),0)) -> 2 | W61: =IF(OR(F61="",Results!F5=""),"",IF(F61=Results!F5,1+IF(OR($O61=5,$P61=5,$Q61=5),1,0),0)) -> 1 | X61: =IF(OR(G61="",Results!G5=""),"",IF(G61=Results!G5,1+IF(OR($O61=6,$P61=6,$Q61=6),1,0),0)) -> 2 | Y61: =IF(OR(H61="",Results!H5=""),"",IF(H61=Results!H5,1+IF(OR($O61=7,$P61=7,$Q61=7),1,0),0)) -> 0 | Z61: =IF(OR(I61="",Results!I5=""),"",IF(I61=Results!I5,1+IF(OR($O61=8,$P61=8,$Q61=8),1,0),0)) -> 0 | AA61: =IF(OR(J61="",Results!J5=""),"",IF(J61=Results!J5,1+IF(OR($O61=9,$P61=9,$Q61=9),1,0),0)) -> 1 | AB61: =IF(OR(K61="",Results!K5=""),"",IF(K61=Results!K5,1+IF(OR($O61=10,$P61=10,$Q61=10),1,0),0)) -> 1 | AC61: =IF(OR(L61="",Results!L5=""),"",IF(L61=Results!L5,1+IF(OR($O61=11,$P61=11,$Q61=11),1,0),0)) -> 0 | AD61: =IF(OR(M61="",Results!M5=""),"",IF(M61=Results!M5,1+IF(OR($O61=12,$P61=12,$Q61=12),1,0),0)) -> 1 | AE61: =IF(OR(N61="",Results!N5=""),"",IF(N61=Results!N5,1+IF(OR($O61=13,$P61=13,$Q61=13),1,0),0)) -> 1 | AF61: =SUM(S61:AE61) -> 10 | AG61: =IF(OR($R61="",Results!O5=""),"",ABS($R61-Results!O5)) -> 12 | AH61: 30 | AI61: =IF(OR(B61="",Results!B5=""),"",IF(AND(B61=Results!B5,Results!B5<>Games!$C$5),1,0)) -> 0 | AJ61: =IF(OR(C61="",Results!C5=""),"",IF(AND(C61=Results!C5,Results!C5<>Games!$C$6),1,0)) -> 0 | AK61: =IF(OR(D61="",Results!D5=""),"",IF(AND(D61=Results!D5,Results!D5<>Games!$C$7),1,0)) -> 0 | AL61: =IF(OR(E61="",Results!E5=""),"",IF(AND(E61=Results!E5,Results!E5<>Games!$C$8),1,0)) -> 0 | AM61: =IF(OR(F61="",Results!F5=""),"",IF(AND(F61=Results!F5,Results!F5<>Games!$C$9),1,0)) -> 0 | AN61: =IF(OR(G61="",Results!G5=""),"",IF(AND(G61=Results!G5,Results!G5<>Games!$C$10),1,0)) -> 0 | AO61: =IF(OR(H61="",Results!H5=""),"",IF(AND(H61=Results!H5,Results!H5<>Games!$C$11),1,0)) -> 0 | AP61: =IF(OR(I61="",Results!I5=""),"",IF(AND(I61=Results!I5,Results!I5<>Games!$C$12),1,0)) -> 0 | AQ61: =IF(OR(J61="",Results!J5=""),"",IF(AND(J61=Results!J5,Results!J5<>Games!$C$13),1,0)) -> 0 | AR61: =IF(OR(K61="",Results!K5=""),"",IF(AND(K61=Results!K5,Results!K5<>Games!$C$14),1,0)) -> 0 | AS61: =IF(OR(L61="",Results!L5=""),"",IF(AND(L61=Results!L5,Results!L5<>Games!$C$15),1,0)) -> 0 | AT61: =IF(OR(M61="",Results!M5=""),"",IF(AND(M61=Results!M5,Results!M5<>Games!$C$16),1,0)) -> 0 | AU61: =IF(OR(N61="",Results!N5=""),"",IF(AND(N61=Results!N5,Results!N5<>Games!$C$17),1,0)) -> 0 | AV61: =SUM(AI61:AU61) -> 0
A62: =INDEX(Players!$D$6:$D$69,MATCH(31,Players!$A$6:$A$69,0)) -> Tucker M. | B62: Georgia Tech | C62: San Jose State | D62: James Madison | E62: Cincinnati | F62: Duke | G62: Auburn | H62: Wyoming | I62: LSU | J62: UNLV | K62: UCLA | L62: Western Kentucky | M62: Ole Miss | N62: SMU | O62: 4 | P62: 5 | Q62: 11 | R62: 54 | S62: =IF(OR(B62="",Results!B5=""),"",IF(B62=Results!B5,1+IF(OR($O62=1,$P62=1,$Q62=1),1,0),0)) -> 0 | T62: =IF(OR(C62="",Results!C5=""),"",IF(C62=Results!C5,1+IF(OR($O62=2,$P62=2,$Q62=2),1,0),0)) -> 1 | U62: =IF(OR(D62="",Results!D5=""),"",IF(D62=Results!D5,1+IF(OR($O62=3,$P62=3,$Q62=3),1,0),0)) -> 1 | V62: =IF(OR(E62="",Results!E5=""),"",IF(E62=Results!E5,1+IF(OR($O62=4,$P62=4,$Q62=4),1,0),0)) -> 2 | W62: =IF(OR(F62="",Results!F5=""),"",IF(F62=Results!F5,1+IF(OR($O62=5,$P62=5,$Q62=5),1,0),0)) -> 2 | X62: =IF(OR(G62="",Results!G5=""),"",IF(G62=Results!G5,1+IF(OR($O62=6,$P62=6,$Q62=6),1,0),0)) -> 1 | Y62: =IF(OR(H62="",Results!H5=""),"",IF(H62=Results!H5,1+IF(OR($O62=7,$P62=7,$Q62=7),1,0),0)) -> 0 | Z62: =IF(OR(I62="",Results!I5=""),"",IF(I62=Results!I5,1+IF(OR($O62=8,$P62=8,$Q62=8),1,0),0)) -> 1 | AA62: =IF(OR(J62="",Results!J5=""),"",IF(J62=Results!J5,1+IF(OR($O62=9,$P62=9,$Q62=9),1,0),0)) -> 1 | AB62: =IF(OR(K62="",Results!K5=""),"",IF(K62=Results!K5,1+IF(OR($O62=10,$P62=10,$Q62=10),1,0),0)) -> 1 | AC62: =IF(OR(L62="",Results!L5=""),"",IF(L62=Results!L5,1+IF(OR($O62=11,$P62=11,$Q62=11),1,0),0)) -> 0 | AD62: =IF(OR(M62="",Results!M5=""),"",IF(M62=Results!M5,1+IF(OR($O62=12,$P62=12,$Q62=12),1,0),0)) -> 1 | AE62: =IF(OR(N62="",Results!N5=""),"",IF(N62=Results!N5,1+IF(OR($O62=13,$P62=13,$Q62=13),1,0),0)) -> 1 | AF62: =SUM(S62:AE62) -> 12 | AG62: =IF(OR($R62="",Results!O5=""),"",ABS($R62-Results!O5)) -> 3 | AH62: 31 | AI62: =IF(OR(B62="",Results!B5=""),"",IF(AND(B62=Results!B5,Results!B5<>Games!$C$5),1,0)) -> 0 | AJ62: =IF(OR(C62="",Results!C5=""),"",IF(AND(C62=Results!C5,Results!C5<>Games!$C$6),1,0)) -> 1 | AK62: =IF(OR(D62="",Results!D5=""),"",IF(AND(D62=Results!D5,Results!D5<>Games!$C$7),1,0)) -> 0 | AL62: =IF(OR(E62="",Results!E5=""),"",IF(AND(E62=Results!E5,Results!E5<>Games!$C$8),1,0)) -> 0 | AM62: =IF(OR(F62="",Results!F5=""),"",IF(AND(F62=Results!F5,Results!F5<>Games!$C$9),1,0)) -> 0 | AN62: =IF(OR(G62="",Results!G5=""),"",IF(AND(G62=Results!G5,Results!G5<>Games!$C$10),1,0)) -> 0 | AO62: =IF(OR(H62="",Results!H5=""),"",IF(AND(H62=Results!H5,Results!H5<>Games!$C$11),1,0)) -> 0 | AP62: =IF(OR(I62="",Results!I5=""),"",IF(AND(I62=Results!I5,Results!I5<>Games!$C$12),1,0)) -> 0 | AQ62: =IF(OR(J62="",Results!J5=""),"",IF(AND(J62=Results!J5,Results!J5<>Games!$C$13),1,0)) -> 0 | AR62: =IF(OR(K62="",Results!K5=""),"",IF(AND(K62=Results!K5,Results!K5<>Games!$C$14),1,0)) -> 0 | AS62: =IF(OR(L62="",Results!L5=""),"",IF(AND(L62=Results!L5,Results!L5<>Games!$C$15),1,0)) -> 0 | AT62: =IF(OR(M62="",Results!M5=""),"",IF(AND(M62=Results!M5,Results!M5<>Games!$C$16),1,0)) -> 0 | AU62: =IF(OR(N62="",Results!N5=""),"",IF(AND(N62=Results!N5,Results!N5<>Games!$C$17),1,0)) -> 0 | AV62: =SUM(AI62:AU62) -> 1
A63: =INDEX(Players!$D$6:$D$69,MATCH(32,Players!$A$6:$A$69,0)) -> Tye E. | B63: Georgia Tech | C63: Eastern Michigan | D63: James Madison | E63: Cincinnati | F63: Duke | G63: Auburn | H63: Wyoming | I63: LSU | J63: UNLV | K63: California | L63: Western Kentucky | M63: Louisville | N63: SMU | O63: 6 | P63: 8 | Q63: 13 | R63: 48 | S63: =IF(OR(B63="",Results!B5=""),"",IF(B63=Results!B5,1+IF(OR($O63=1,$P63=1,$Q63=1),1,0),0)) -> 0 | T63: =IF(OR(C63="",Results!C5=""),"",IF(C63=Results!C5,1+IF(OR($O63=2,$P63=2,$Q63=2),1,0),0)) -> 0 | U63: =IF(OR(D63="",Results!D5=""),"",IF(D63=Results!D5,1+IF(OR($O63=3,$P63=3,$Q63=3),1,0),0)) -> 1 | V63: =IF(OR(E63="",Results!E5=""),"",IF(E63=Results!E5,1+IF(OR($O63=4,$P63=4,$Q63=4),1,0),0)) -> 1 | W63: =IF(OR(F63="",Results!F5=""),"",IF(F63=Results!F5,1+IF(OR($O63=5,$P63=5,$Q63=5),1,0),0)) -> 1 | X63: =IF(OR(G63="",Results!G5=""),"",IF(G63=Results!G5,1+IF(OR($O63=6,$P63=6,$Q63=6),1,0),0)) -> 2 | Y63: =IF(OR(H63="",Results!H5=""),"",IF(H63=Results!H5,1+IF(OR($O63=7,$P63=7,$Q63=7),1,0),0)) -> 0 | Z63: =IF(OR(I63="",Results!I5=""),"",IF(I63=Results!I5,1+IF(OR($O63=8,$P63=8,$Q63=8),1,0),0)) -> 2 | AA63: =IF(OR(J63="",Results!J5=""),"",IF(J63=Results!J5,1+IF(OR($O63=9,$P63=9,$Q63=9),1,0),0)) -> 1 | AB63: =IF(OR(K63="",Results!K5=""),"",IF(K63=Results!K5,1+IF(OR($O63=10,$P63=10,$Q63=10),1,0),0)) -> 0 | AC63: =IF(OR(L63="",Results!L5=""),"",IF(L63=Results!L5,1+IF(OR($O63=11,$P63=11,$Q63=11),1,0),0)) -> 0 | AD63: =IF(OR(M63="",Results!M5=""),"",IF(M63=Results!M5,1+IF(OR($O63=12,$P63=12,$Q63=12),1,0),0)) -> 0 | AE63: =IF(OR(N63="",Results!N5=""),"",IF(N63=Results!N5,1+IF(OR($O63=13,$P63=13,$Q63=13),1,0),0)) -> 2 | AF63: =SUM(S63:AE63) -> 10 | AG63: =IF(OR($R63="",Results!O5=""),"",ABS($R63-Results!O5)) -> 3 | AH63: 32 | AI63: =IF(OR(B63="",Results!B5=""),"",IF(AND(B63=Results!B5,Results!B5<>Games!$C$5),1,0)) -> 0 | AJ63: =IF(OR(C63="",Results!C5=""),"",IF(AND(C63=Results!C5,Results!C5<>Games!$C$6),1,0)) -> 0 | AK63: =IF(OR(D63="",Results!D5=""),"",IF(AND(D63=Results!D5,Results!D5<>Games!$C$7),1,0)) -> 0 | AL63: =IF(OR(E63="",Results!E5=""),"",IF(AND(E63=Results!E5,Results!E5<>Games!$C$8),1,0)) -> 0 | AM63: =IF(OR(F63="",Results!F5=""),"",IF(AND(F63=Results!F5,Results!F5<>Games!$C$9),1,0)) -> 0 | AN63: =IF(OR(G63="",Results!G5=""),"",IF(AND(G63=Results!G5,Results!G5<>Games!$C$10),1,0)) -> 0 | AO63: =IF(OR(H63="",Results!H5=""),"",IF(AND(H63=Results!H5,Results!H5<>Games!$C$11),1,0)) -> 0 | AP63: =IF(OR(I63="",Results!I5=""),"",IF(AND(I63=Results!I5,Results!I5<>Games!$C$12),1,0)) -> 0 | AQ63: =IF(OR(J63="",Results!J5=""),"",IF(AND(J63=Results!J5,Results!J5<>Games!$C$13),1,0)) -> 0 | AR63: =IF(OR(K63="",Results!K5=""),"",IF(AND(K63=Results!K5,Results!K5<>Games!$C$14),1,0)) -> 0 | AS63: =IF(OR(L63="",Results!L5=""),"",IF(AND(L63=Results!L5,Results!L5<>Games!$C$15),1,0)) -> 0 | AT63: =IF(OR(M63="",Results!M5=""),"",IF(AND(M63=Results!M5,Results!M5<>Games!$C$16),1,0)) -> 0 | AU63: =IF(OR(N63="",Results!N5=""),"",IF(AND(N63=Results!N5,Results!N5<>Games!$C$17),1,0)) -> 0 | AV63: =SUM(AI63:AU63) -> 0
A64: =INDEX(Players!$D$6:$D$69,MATCH(46,Players!$A$6:$A$69,0)) -> Tyler A. | B64: Georgia Tech | C64: San Jose State | D64: James Madison | E64: Cincinnati | F64: Duke | G64: Auburn | H64: Wyoming | I64: LSU | J64: Hawai'i | K64: UCLA | L64: Western Kentucky | M64: Ole Miss | N64: SMU | O64: 1 | P64: 4 | Q64: 8 | R64: 58 | S64: =IF(OR(B64="",Results!B5=""),"",IF(B64=Results!B5,1+IF(OR($O64=1,$P64=1,$Q64=1),1,0),0)) -> 0 | T64: =IF(OR(C64="",Results!C5=""),"",IF(C64=Results!C5,1+IF(OR($O64=2,$P64=2,$Q64=2),1,0),0)) -> 1 | U64: =IF(OR(D64="",Results!D5=""),"",IF(D64=Results!D5,1+IF(OR($O64=3,$P64=3,$Q64=3),1,0),0)) -> 1 | V64: =IF(OR(E64="",Results!E5=""),"",IF(E64=Results!E5,1+IF(OR($O64=4,$P64=4,$Q64=4),1,0),0)) -> 2 | W64: =IF(OR(F64="",Results!F5=""),"",IF(F64=Results!F5,1+IF(OR($O64=5,$P64=5,$Q64=5),1,0),0)) -> 1 | X64: =IF(OR(G64="",Results!G5=""),"",IF(G64=Results!G5,1+IF(OR($O64=6,$P64=6,$Q64=6),1,0),0)) -> 1 | Y64: =IF(OR(H64="",Results!H5=""),"",IF(H64=Results!H5,1+IF(OR($O64=7,$P64=7,$Q64=7),1,0),0)) -> 0 | Z64: =IF(OR(I64="",Results!I5=""),"",IF(I64=Results!I5,1+IF(OR($O64=8,$P64=8,$Q64=8),1,0),0)) -> 2 | AA64: =IF(OR(J64="",Results!J5=""),"",IF(J64=Results!J5,1+IF(OR($O64=9,$P64=9,$Q64=9),1,0),0)) -> 0 | AB64: =IF(OR(K64="",Results!K5=""),"",IF(K64=Results!K5,1+IF(OR($O64=10,$P64=10,$Q64=10),1,0),0)) -> 1 | AC64: =IF(OR(L64="",Results!L5=""),"",IF(L64=Results!L5,1+IF(OR($O64=11,$P64=11,$Q64=11),1,0),0)) -> 0 | AD64: =IF(OR(M64="",Results!M5=""),"",IF(M64=Results!M5,1+IF(OR($O64=12,$P64=12,$Q64=12),1,0),0)) -> 1 | AE64: =IF(OR(N64="",Results!N5=""),"",IF(N64=Results!N5,1+IF(OR($O64=13,$P64=13,$Q64=13),1,0),0)) -> 1 | AF64: =SUM(S64:AE64) -> 11 | AG64: =IF(OR($R64="",Results!O5=""),"",ABS($R64-Results!O5)) -> 7 | AH64: 46 | AI64: =IF(OR(B64="",Results!B5=""),"",IF(AND(B64=Results!B5,Results!B5<>Games!$C$5),1,0)) -> 0 | AJ64: =IF(OR(C64="",Results!C5=""),"",IF(AND(C64=Results!C5,Results!C5<>Games!$C$6),1,0)) -> 1 | AK64: =IF(OR(D64="",Results!D5=""),"",IF(AND(D64=Results!D5,Results!D5<>Games!$C$7),1,0)) -> 0 | AL64: =IF(OR(E64="",Results!E5=""),"",IF(AND(E64=Results!E5,Results!E5<>Games!$C$8),1,0)) -> 0 | AM64: =IF(OR(F64="",Results!F5=""),"",IF(AND(F64=Results!F5,Results!F5<>Games!$C$9),1,0)) -> 0 | AN64: =IF(OR(G64="",Results!G5=""),"",IF(AND(G64=Results!G5,Results!G5<>Games!$C$10),1,0)) -> 0 | AO64: =IF(OR(H64="",Results!H5=""),"",IF(AND(H64=Results!H5,Results!H5<>Games!$C$11),1,0)) -> 0 | AP64: =IF(OR(I64="",Results!I5=""),"",IF(AND(I64=Results!I5,Results!I5<>Games!$C$12),1,0)) -> 0 | AQ64: =IF(OR(J64="",Results!J5=""),"",IF(AND(J64=Results!J5,Results!J5<>Games!$C$13),1,0)) -> 0 | AR64: =IF(OR(K64="",Results!K5=""),"",IF(AND(K64=Results!K5,Results!K5<>Games!$C$14),1,0)) -> 0 | AS64: =IF(OR(L64="",Results!L5=""),"",IF(AND(L64=Results!L5,Results!L5<>Games!$C$15),1,0)) -> 0 | AT64: =IF(OR(M64="",Results!M5=""),"",IF(AND(M64=Results!M5,Results!M5<>Games!$C$16),1,0)) -> 0 | AU64: =IF(OR(N64="",Results!N5=""),"",IF(AND(N64=Results!N5,Results!N5<>Games!$C$17),1,0)) -> 0 | AV64: =SUM(AI64:AU64) -> 1
A65: =INDEX(Players!$D$6:$D$69,MATCH(33,Players!$A$6:$A$69,0)) -> Vicki P. | B65: Georgia Tech | C65: Eastern Michigan | D65: James Madison | E65: Cincinnati | F65: Duke | G65: Auburn | H65: Colorado State | I65: LSU | J65: UNLV | K65: UCLA | L65: Nevada | M65: Ole Miss | N65: SMU | O65: 5 | P65: 6 | Q65: 8 | R65: 58 | S65: =IF(OR(B65="",Results!B5=""),"",IF(B65=Results!B5,1+IF(OR($O65=1,$P65=1,$Q65=1),1,0),0)) -> 0 | T65: =IF(OR(C65="",Results!C5=""),"",IF(C65=Results!C5,1+IF(OR($O65=2,$P65=2,$Q65=2),1,0),0)) -> 0 | U65: =IF(OR(D65="",Results!D5=""),"",IF(D65=Results!D5,1+IF(OR($O65=3,$P65=3,$Q65=3),1,0),0)) -> 1 | V65: =IF(OR(E65="",Results!E5=""),"",IF(E65=Results!E5,1+IF(OR($O65=4,$P65=4,$Q65=4),1,0),0)) -> 1 | W65: =IF(OR(F65="",Results!F5=""),"",IF(F65=Results!F5,1+IF(OR($O65=5,$P65=5,$Q65=5),1,0),0)) -> 2 | X65: =IF(OR(G65="",Results!G5=""),"",IF(G65=Results!G5,1+IF(OR($O65=6,$P65=6,$Q65=6),1,0),0)) -> 2 | Y65: =IF(OR(H65="",Results!H5=""),"",IF(H65=Results!H5,1+IF(OR($O65=7,$P65=7,$Q65=7),1,0),0)) -> 1 | Z65: =IF(OR(I65="",Results!I5=""),"",IF(I65=Results!I5,1+IF(OR($O65=8,$P65=8,$Q65=8),1,0),0)) -> 2 | AA65: =IF(OR(J65="",Results!J5=""),"",IF(J65=Results!J5,1+IF(OR($O65=9,$P65=9,$Q65=9),1,0),0)) -> 1 | AB65: =IF(OR(K65="",Results!K5=""),"",IF(K65=Results!K5,1+IF(OR($O65=10,$P65=10,$Q65=10),1,0),0)) -> 1 | AC65: =IF(OR(L65="",Results!L5=""),"",IF(L65=Results!L5,1+IF(OR($O65=11,$P65=11,$Q65=11),1,0),0)) -> 1 | AD65: =IF(OR(M65="",Results!M5=""),"",IF(M65=Results!M5,1+IF(OR($O65=12,$P65=12,$Q65=12),1,0),0)) -> 1 | AE65: =IF(OR(N65="",Results!N5=""),"",IF(N65=Results!N5,1+IF(OR($O65=13,$P65=13,$Q65=13),1,0),0)) -> 1 | AF65: =SUM(S65:AE65) -> 14 | AG65: =IF(OR($R65="",Results!O5=""),"",ABS($R65-Results!O5)) -> 7 | AH65: 33 | AI65: =IF(OR(B65="",Results!B5=""),"",IF(AND(B65=Results!B5,Results!B5<>Games!$C$5),1,0)) -> 0 | AJ65: =IF(OR(C65="",Results!C5=""),"",IF(AND(C65=Results!C5,Results!C5<>Games!$C$6),1,0)) -> 0 | AK65: =IF(OR(D65="",Results!D5=""),"",IF(AND(D65=Results!D5,Results!D5<>Games!$C$7),1,0)) -> 0 | AL65: =IF(OR(E65="",Results!E5=""),"",IF(AND(E65=Results!E5,Results!E5<>Games!$C$8),1,0)) -> 0 | AM65: =IF(OR(F65="",Results!F5=""),"",IF(AND(F65=Results!F5,Results!F5<>Games!$C$9),1,0)) -> 0 | AN65: =IF(OR(G65="",Results!G5=""),"",IF(AND(G65=Results!G5,Results!G5<>Games!$C$10),1,0)) -> 0 | AO65: =IF(OR(H65="",Results!H5=""),"",IF(AND(H65=Results!H5,Results!H5<>Games!$C$11),1,0)) -> 0 | AP65: =IF(OR(I65="",Results!I5=""),"",IF(AND(I65=Results!I5,Results!I5<>Games!$C$12),1,0)) -> 0 | AQ65: =IF(OR(J65="",Results!J5=""),"",IF(AND(J65=Results!J5,Results!J5<>Games!$C$13),1,0)) -> 0 | AR65: =IF(OR(K65="",Results!K5=""),"",IF(AND(K65=Results!K5,Results!K5<>Games!$C$14),1,0)) -> 0 | AS65: =IF(OR(L65="",Results!L5=""),"",IF(AND(L65=Results!L5,Results!L5<>Games!$C$15),1,0)) -> 1 | AT65: =IF(OR(M65="",Results!M5=""),"",IF(AND(M65=Results!M5,Results!M5<>Games!$C$16),1,0)) -> 0 | AU65: =IF(OR(N65="",Results!N5=""),"",IF(AND(N65=Results!N5,Results!N5<>Games!$C$17),1,0)) -> 0 | AV65: =SUM(AI65:AU65) -> 1

Sheet Picks_W2
A1: Picks — Week 2
A2: Sorted alphabetically by first name. Yellow cells = type here. Pick columns are dropdowns (Favorite/Underdog team). 2PT columns: enter the game # (1-13) for each of the 3 games this player doubled.
A4: Player | B4: =1&CHAR(10)&Games!C18&" vs "&Games!D18 -> 1 Boston College vs Rutgers | C4: =2&CHAR(10)&Games!C19&" vs "&Games!D19 -> 2 Missouri vs Kansas | D4: =3&CHAR(10)&Games!C20&" vs "&Games!D20 -> 3 Oklahoma vs Michigan | E4: =4&CHAR(10)&Games!C21&" vs "&Games!D21 -> 4 Wake Forest vs Purdue | F4: =5&CHAR(10)&Games!C22&" vs "&Games!D22 -> 5 Army vs South Florida | G4: =6&CHAR(10)&Games!C23&" vs "&Games!D23 -> 6 Mississippi State vs Minnesota | H4: =7&CHAR(10)&Games!C24&" vs "&Games!D24 -> 7 Syracuse vs California | I4: =8&CHAR(10)&Games!C25&" vs "&Games!D25 -> 8 Illinois vs Duke | J4: =9&CHAR(10)&Games!C26&" vs "&Games!D26 -> 9 Pitt vs UCF | K4: =10&CHAR(10)&Games!C27&" vs "&Games!D27 -> 10 BYU vs Arizona | L4: =11&CHAR(10)&Games!C28&" vs "&Games!D28 -> 11 Navy vs Florida Atlantic | M4: =12&CHAR(10)&Games!C29&" vs "&Games!D29 -> 12 Texas vs Ohio State | N4: =13&CHAR(10)&Games!C30&" vs "&Games!D30 -> 13 North Dakota State vs Air Force | O4: 2PT Game #1 | P4: 2PT Game #2 | Q4: 2PT Game #3 | R4: Tiebreaker Guess | S4: Game 1 Pts | T4: Game 2 Pts | U4: Game 3 Pts | V4: Game 4 Pts | W4: Game 5 Pts | X4: Game 6 Pts | Y4: Game 7 Pts | Z4: Game 8 Pts | AA4: Game 9 Pts | AB4: Game 10 Pts | AC4: Game 11 Pts | AD4: Game 12 Pts | AE4: Game 13 Pts | AF4: Week Total | AG4: TB Diff (helper) | AH4: Player ID (helper) | AI4: G1 Upset Correct? | AJ4: G2 Upset Correct? | AK4: G3 Upset Correct? | AL4: G4 Upset Correct? | AM4: G5 Upset Correct? | AN4: G6 Upset Correct? | AO4: G7 Upset Correct? | AP4: G8 Upset Correct? | AQ4: G9 Upset Correct? | AR4: G10 Upset Correct? | AS4: G11 Upset Correct? | AT4: G12 Upset Correct? | AU4: G13 Upset Correct? | AV4: Weekly Upsets Correct
A6: =INDEX(Players!$D$6:$D$69,MATCH(2,Players!$A$6:$A$69,0)) -> Amie M. | B6: Boston College | C6: Missouri | D6: Oklahoma | E6: Wake Forest | F6: Army | G6: Mississippi State | H6: Syracuse | I6: Illinois | J6: Pitt | K6: BYU | L6: Navy | M6: Texas | N6: North Dakota State | O6: 7 | P6: 10 | Q6: 11 | R6: 55 | S6: =IF(OR(B6="",Results!B6=""),"",IF(B6=Results!B6,1+IF(OR($O6=1,$P6=1,$Q6=1),1,0),0)) -> 1 | T6: =IF(OR(C6="",Results!C6=""),"",IF(C6=Results!C6,1+IF(OR($O6=2,$P6=2,$Q6=2),1,0),0)) -> 1 | U6: =IF(OR(D6="",Results!D6=""),"",IF(D6=Results!D6,1+IF(OR($O6=3,$P6=3,$Q6=3),1,0),0)) -> 0 | V6: =IF(OR(E6="",Results!E6=""),"",IF(E6=Results!E6,1+IF(OR($O6=4,$P6=4,$Q6=4),1,0),0)) -> 1 | W6: =IF(OR(F6="",Results!F6=""),"",IF(F6=Results!F6,1+IF(OR($O6=5,$P6=5,$Q6=5),1,0),0)) -> 0 | X6: =IF(OR(G6="",Results!G6=""),"",IF(G6=Results!G6,1+IF(OR($O6=6,$P6=6,$Q6=6),1,0),0)) -> 1 | Y6: =IF(OR(H6="",Results!H6=""),"",IF(H6=Results!H6,1+IF(OR($O6=7,$P6=7,$Q6=7),1,0),0)) -> 0 | Z6: =IF(OR(I6="",Results!I6=""),"",IF(I6=Results!I6,1+IF(OR($O6=8,$P6=8,$Q6=8),1,0),0)) -> 0 | AA6: =IF(OR(J6="",Results!J6=""),"",IF(J6=Results!J6,1+IF(OR($O6=9,$P6=9,$Q6=9),1,0),0)) -> 1 | AB6: =IF(OR(K6="",Results!K6=""),"",IF(K6=Results!K6,1+IF(OR($O6=10,$P6=10,$Q6=10),1,0),0)) -> 2 | AC6: =IF(OR(L6="",Results!L6=""),"",IF(L6=Results!L6,1+IF(OR($O6=11,$P6=11,$Q6=11),1,0),0)) -> 0 | AD6: =IF(OR(M6="",Results!M6=""),"",IF(M6=Results!M6,1+IF(OR($O6=12,$P6=12,$Q6=12),1,0),0)) -> 1 | AE6: =IF(OR(N6="",Results!N6=""),"",IF(N6=Results!N6,1+IF(OR($O6=13,$P6=13,$Q6=13),1,0),0)) -> 1 | AF6: =SUM(S6:AE6) -> 9 | AG6: =IF(OR($R6="",Results!O6=""),"",ABS($R6-Results!O6)) | AH6: 2 | AI6: =IF(OR(B6="",Results!B6=""),"",IF(AND(B6=Results!B6,Results!B6<>Games!$C$18),1,0)) -> 0 | AJ6: =IF(OR(C6="",Results!C6=""),"",IF(AND(C6=Results!C6,Results!C6<>Games!$C$19),1,0)) -> 0 | AK6: =IF(OR(D6="",Results!D6=""),"",IF(AND(D6=Results!D6,Results!D6<>Games!$C$20),1,0)) -> 0 | AL6: =IF(OR(E6="",Results!E6=""),"",IF(AND(E6=Results!E6,Results!E6<>Games!$C$21),1,0)) -> 0 | AM6: =IF(OR(F6="",Results!F6=""),"",IF(AND(F6=Results!F6,Results!F6<>Games!$C$22),1,0)) -> 0 | AN6: =IF(OR(G6="",Results!G6=""),"",IF(AND(G6=Results!G6,Results!G6<>Games!$C$23),1,0)) -> 0 | AO6: =IF(OR(H6="",Results!H6=""),"",IF(AND(H6=Results!H6,Results!H6<>Games!$C$24),1,0)) -> 0 | AP6: =IF(OR(I6="",Results!I6=""),"",IF(AND(I6=Results!I6,Results!I6<>Games!$C$25),1,0)) -> 0 | AQ6: =IF(OR(J6="",Results!J6=""),"",IF(AND(J6=Results!J6,Results!J6<>Games!$C$26),1,0)) -> 0 | AR6: =IF(OR(K6="",Results!K6=""),"",IF(AND(K6=Results!K6,Results!K6<>Games!$C$27),1,0)) -> 0 | AS6: =IF(OR(L6="",Results!L6=""),"",IF(AND(L6=Results!L6,Results!L6<>Games!$C$28),1,0)) -> 0 | AT6: =IF(OR(M6="",Results!M6=""),"",IF(AND(M6=Results!M6,Results!M6<>Games!$C$29),1,0)) -> 0 | AU6: =IF(OR(N6="",Results!N6=""),"",IF(AND(N6=Results!N6,Results!N6<>Games!$C$30),1,0)) -> 0 | AV6: =SUM(AI6:AU6) -> 0
